name,smiles,hits
Auranofin,CC(=O)OC[C@@H]1[C@H]([C@@H]([C@H]([C@@H](O1)S)OC(=O)C)OC(=O)C)OC(=O)C,36
Diacerein,CC(=O)OC1=CC=CC2=C1C(=O)C3=C(C=C(C=C3C2=O)C(=O)O)OC(=O)C,33
Daunorubicin hydrochloride,C[C@H]1[C@H]([C@H](C[C@@H](O1)O[C@H]2C[C@@](CC3=C(C4=C(C(=C23)O)C(=O)C5=C(C4=O)C=CC=C5OC)O)(C(=O)C)O)N)O,30
5-fluorouracil,C1=C(C(=O)NC(=O)N1)F,26
Benzbromarone,CCC1=C(C2=CC=CC=C2O1)C(=O)C3=CC(=C(C(=C3)Br)O)Br,26
Oxethazaine,CC(C)(CC1=CC=CC=C1)N(C)C(=O)CN(CCO)CC(=O)N(C)C(C)(C)CC2=CC=CC=C2,25
Streptozotocin,CN(C(=O)NC1C(C(C(OC1O)CO)O)O)N=O,23
Floxuridine,C1[C@@H]([C@H](O[C@H]1N2C=C(C(=O)NC2=O)F)CO)O,20
Doxorubicin hydrochloride,C[C@H]1[C@H]([C@H](C[C@@H](O1)O[C@H]2C[C@@](CC3=C(C4=C(C(=C23)O)C(=O)C5=C(C4=O)C=CC=C5OC)O)(C(=O)CO)O)N)O,19
Hexestrol,CCC(C1=CC=C(C=C1)O)C(CC)C2=CC=C(C=C2)O,19
Terfenadine,CC(C)(C)C1=CC=C(C=C1)C(CCCN2CCC(CC2)C(C3=CC=CC=C3)(C4=CC=CC=C4)O)O,19
Dienestrol,C/C=C(/C(=C/C)/C1=CC=C(C=C1)O)\C2=CC=C(C=C2)O,18
Felodipine,CCOC(=O)C1=C(NC(=C(C1C2=C(C(=CC=C2)Cl)Cl)C(=O)OC)C)C,17
Zafirlukast,CC1=CC=CC=C1S(=O)(=O)NC(=O)C2=CC(=C(C=C2)CC3=CN(C4=C3C=C(C=C4)NC(=O)OC5CCCC5)C)OC,17
Etoposide,C[C@@H]1OC[C@@H]2[C@@H](O1)[C@@H]([C@H]([C@@H](O2)O[C@H]3[C@H]4COC(=O)[C@@H]4[C@@H](C5=CC6=C(C=C35)OCO6)C7=CC(=C(C(=C7)OC)O)OC)O)O,16
Tamoxifen citrate,CC/C(=C(\C1=CC=CC=C1)/C2=CC=C(C=C2)OCCN(C)C)/C3=CC=CC=C3.C(C(=O)O)C(CC(=O)O)(C(=O)O)O,16
Clemizole hydrochloride,C1CCN(C1)CC2=NC3=CC=CC=C3N2CC4=CC=C(C=C4)Cl,15
Diethylstilbestrol,CC/C(=C(/CC)\C1=CC=C(C=C1)O)/C2=CC=C(C=C2)O,15
Loratadine,CCOC(=O)N1CCC(=C2C3=C(CCC4=C2N=CC=C4)C=C(C=C3)Cl)CC1,15
Bepridil hydrochloride,CC(C)COCC(CN(CC1=CC=CC=C1)C2=CC=CC=C2)N3CCCC3,14
"Tiratricol, 3,3',5-triiodothyroacetic acid",C1=CC(=C(C=C1OC2=C(C=C(C=C2I)CC(=O)O)I)I)O,14
Azaguanine-8,C12=NNNC1=NC(=NC2=O)N,13
Thioridazine hydrochloride,CN1CCCCC1CCN2C3=CC=CC=C3SC4=C2C=C(C=C4)SC,13
Troglitazone,CC1=C(C(=C2CCC(OC2=C1C)(C)COC3=CC=C(C=C3)CC4C(=O)NC(=O)S4)C)O,13
"Amethopterin (R,S)",CN(CC1=CN=C2C(=N1)C(=NC(=N2)N)N)C3=CC=C(C=C3)C(=O)NC(CCC(=O)O)C(=O)O,12
"Clomiphene citrate (Z,E)",CCN(CC)CCOC1=CC=C(C=C1)C(=C(C2=CC=CC=C2)Cl)C3=CC=CC=C3,12
Methotrexate,CN(CC1=CN=C2C(=N1)C(=NC(=N2)N)N)C3=CC=C(C=C3)C(=O)N[C@@H](CCC(=O)O)C(=O)O,12
Perhexiline maleate,C1CCC(CC1)C(CC2CCCCN2)C3CCCCC3,12
Anthralin,C1C2=C(C(=CC=C2)O)C(=O)C3=C1C=CC=C3O,11
Estradiol Valerate,CCCCC(=O)O[C@H]1CC[C@@H]2[C@@]1(CC[C@H]3[C@H]2CCC4=C3C=CC(=C4)O)C,11
Ethopropazine hydrochloride,CCN(CC)C(C)CN1C2=CC=CC=C2SC3=CC=CC=C31,11
Promazine hydrochloride,CN(C)CCCN1C2=CC=CC=C2SC3=CC=CC=C31,11
Amiodarone hydrochloride,CCCCC1=C(C2=CC=CC=C2O1)C(=O)C3=CC(=C(C(=C3)I)OCCN(CC)CC)I,10
Aprepitant,C[C@H](C1=CC(=CC(=C1)C(F)(F)F)C(F)(F)F)O[C@@H]2[C@@H](N(CCO2)CC3=NC(=O)NN3)C4=CC=C(C=C4)F,10
Astemizole,COC1=CC=C(C=C1)CCN2CCC(CC2)NC3=NC4=CC=CC=C4N3CC5=CC=C(C=C5)F,10
Dicumarol,C1=CC=C2C(=C1)C(=C(C(=O)O2)CC3=C(C4=CC=CC=C4OC3=O)O)O,10
Entacapone,CCN(CC)C(=O)/C(=C/C1=CC(=C(C(=C1)O)O)[N+](=O)[O-])/C#N,10
Methiothepin maleate,CN1CCN(CC1)C2CC3=CC=CC=C3SC4=C2C=C(C=C4)SC,10
Pinaverium bromide,CC1(C2CCC(C1C2)CCOCC[N+]3(CCOCC3)CC4=CC(=C(C=C4Br)OC)OC)C,10
Tolfenamic acid,CC1=C(C=CC=C1Cl)NC2=CC=CC=C2C(=O)O,10
Metixene hydrochloride,CN1CCCC(C1)CC2C3=CC=CC=C3SC4=CC=CC=C24,9
Sertindole,C1CN(CCC1C2=CN(C3=C2C=C(C=C3)Cl)C4=CC=C(C=C4)F)CCN5CCNC5=O,9
Stanozolol,C[C@]12CC[C@H]3[C@H]([C@@H]1CC[C@]2(C)O)CC[C@@H]4[C@@]3(CC5=C(C4)NN=C5)C,9
Toremifene,CN(C)CCOC1=CC=C(C=C1)/C(=C(/CCCl)\C2=CC=CC=C2)/C3=CC=CC=C3,9
Chlorprothixene hydrochloride,CN(C)CCC=C1C2=CC=CC=C2SC3=C1C=C(C=C3)Cl,8
Fendiline hydrochloride,CC(C1=CC=CC=C1)NCCC(C2=CC=CC=C2)C3=CC=CC=C3,8
Gefitinib,COC1=C(C=C2C(=C1)N=CN=C2NC3=CC(=C(C=C3)F)Cl)OCCCN4CCOCC4,8
Meclozine dihydrochloride,CC1=CC(=CC=C1)CN2CCN(CC2)C(C3=CC=CC=C3)C4=CC=C(C=C4)Cl,8
Montelukast,CC(C)(C1=CC=CC=C1CC[C@H](C2=CC=CC(=C2)/C=C/C3=NC4=C(C=CC(=C4)Cl)C=C3)SCC5(CC5)CC(=O)O)O,8
Protriptyline hydrochloride,CNCCCC1C2=CC=CC=C2C=CC3=CC=CC=C13,8
Suloctidil,CCCCCCCCNC(C)C(C1=CC=C(C=C1)SC(C)C)O,8
Alfacalcidol,CC(C)CCCC(C)C1CCC2[C@@]1(CCCC2=CC=C3CC(C[C@@H](C3=C)O)O)C,7
Azathioprine,CN1C=NC(=C1SC2=NC=NC3=C2NC=N3)[N+](=O)[O-],7
Lansoprazole,CC1=C(C=CN=C1CS(=O)C2=NC3=CC=CC=C3N2)OCC(F)(F)F,7
Loxapine succinate,CN1CCN(CC1)C2=NC3=CC=CC=C3OC4=C2C=C(C=C4)Cl,7
Moricizine hydrochloride,CCOC(=O)NC1=CC2=C(C=C1)SC3=CC=CC=C3N2C(=O)CCN4CCOCC4,7
Omeprazole,CC1=CN=C(C(=C1OC)C)CS(=O)C2=NC3=C(N2)C=C(C=C3)OC,7
Pimozide,C1CN(CCC1N2C3=CC=CC=C3NC2=O)CCCC(C4=CC=C(C=C4)F)C5=CC=C(C=C5)F,7
Trimeprazine tartrate,CC(CN(C)C)CN1C2=CC=CC=C2SC2=CC=CC=C12,7
Zotepine,CN(C)CCOC1=CC2=CC=CC=C2SC3=C1C=C(C=C3)Cl,7
Zuclopenthixol dihydrochloride,C1CN(CCN1CC/C=C\2/C3=CC=CC=C3SC4=C2C=C(C=C4)Cl)CCO,7
Acarbose,CC1C(C(C(C(O1)OC2C(OC(C(C2O)O)OC3C(OC(C(C3O)O)O)CO)CO)O)O)NC4C=C(C(C(C4O)O)O)CO,6
Anethole-trithione,COC1=CC=C(C=C1)C1=CC(=S)SS1,6
Chlorotrianisene,COC1=CC=C(C=C1)C(=C(C2=CC=C(C=C2)OC)Cl)C3=CC=C(C=C3)OC,6
Chlorpromazine hydrochloride,CN(C)CCCN1C2=CC=CC=C2SC3=C1C=C(C=C3)Cl,6
Ethacrynic acid,CCC(=C)C(=O)C1=C(C(=C(C=C1)OCC(=O)O)Cl)Cl,6
Lacidipine,CCOC(=O)C1=C(NC(=C(C1C2=CC=CC=C2/C=C/C(=O)OC(C)(C)C)C(=O)OCC)C)C,6
Pimethixene maleate,CN1CCC(=C2C3=CC=CC=C3SC4=CC=CC=C42)CC1,6
Prochlorperazine dimaleate,CN1CCN(CC1)CCCN2C3=CC=CC=C3SC4=C2C=C(C=C4)Cl,6
Promethazine hydrochloride,CC(CN1C2=CC=CC=C2SC3=CC=CC=C31)N(C)C,6
Rabeprazole Sodium salt,CC1=C(C=CN=C1CS(=O)C2=NC3=CC=CC=C3N2)OCCCOC,6
Trifluoperazine dihydrochloride,CN1CCN(CC1)CCCN2C3=CC=CC=C3SC4=C2C=C(C=C4)C(F)(F)F,6
Cilnidipine,CC1=C(C(C(=C(N1)C)C(=O)OC/C=C/C2=CC=CC=C2)C3=CC(=CC=C3)[N+](=O)[O-])C(=O)OCCOC,5
Cyclosporin A,CCC1C(=O)N(CC(=O)N(C(C(=O)NC(C(=O)N(C(C(=O)NC(C(=O)NC(C(=O)N(C(C(=O)N(C(C(=O)N(C(C(=O)N(C(C(=O)N1)C(C(C)CC=CC)O)C)C(C)C)C)CC(C)C)C)CC(C)C)C)C)C)CC(C)C)C)C(C)C)CC(C)C)C)C,5
Ethaverine hydrochloride,CCOC1=C(C=C(C=C1)CC2=NC=CC3=CC(=C(C=C32)OCC)OCC)OCC,5
Fluphenazine dihydrochloride,C1CN(CCN1CCCN2C3=CC=CC=C3SC4=C2C=C(C=C4)C(F)(F)F)CCO,5
Meclofenamic acid sodium salt monohydrate,CC1=C(C(=C(C=C1)Cl)NC2=CC=CC=C2C(=O)O)Cl,5
Prenylamine lactate,CC(CC1=CC=CC=C1)NCCC(C2=CC=CC=C2)C3=CC=CC=C3,5
Azelastine HCl,CN1CCCC(CC1)N2C(=O)C3=CC=CC=C3C(=N2)CC4=CC=C(C=C4)Cl,4
Clofilium tosylate,CCCCCCC[N+](CC)(CC)CCCCC1=CC=C(C=C1)Cl,4
Cyclobenzaprine hydrochloride,CN(C)CCC=C1C2=CC=CC=C2C=CC3=CC=CC=C31,4
Etomidate,CCOC(=O)C1=CN=CN1C(C)C2=CC=CC=C2,4
Flufenamic acid,C1=CC=C(C(=C1)C(=O)O)NC2=CC=CC(=C2)C(F)(F)F,4
Lidoflazine,CC1=C(C(=CC=C1)C)NC(=O)CN2CCN(CC2)CCCC(C3=CC=C(C=C3)F)C4=CC=C(C=C4)F,4
Mercaptopurine,C1=NC2=C(N1)C(=S)N=CN2,4
Perphenazine,C1CN(CCN1CCCN2C3=CC=CC=C3SC4=C2C=C(C=C4)Cl)CCO,4
Telmisartan,CCCC1=NC2=C(C=C(C=C2N1CC3=CC=C(C=C3)C4=CC=CC=C4C(=O)O)C5=NC6=CC=CC=C6N5C)C,4
Thiethylperazine dimalate,CCSC1=CC2=C(C=C1)SC3=CC=CC=C3N2CCCN4CCN(CC4)C,4
Vardenafil,CCCC1=NC(=C2N1NC(=NC2=O)C3=C(C=CC(=C3)S(=O)(=O)N4CCN(CC4)CC)OCC)C,4
Vecuronium bromide,CC(=O)O[C@H]1C[C@@H]2CC[C@@H]3[C@@H]([C@]2(C[C@@H]1N4CCCCC4)C)CC[C@]5([C@H]3C[C@@H]([C@@H]5OC(=O)C)[N+]6(CCCCC6)C)C,4
Aripiprazole,C1CC(=O)NC2=C1C=CC(=C2)OCCCCN3CCN(CC3)C4=C(C(=CC=C4)Cl)Cl,3
Asenapine maleate,CN1CC2C(C1)C3=C(C=CC(=C3)Cl)OC4=CC=CC=C24,3
Cinnarizine,C1CN(CCN1C/C=C/C2=CC=CC=C2)C(C3=CC=CC=C3)C4=CC=CC=C4,3
Cladribine,C1[C@@H]([C@H](O[C@H]1N2C=NC3=C2N=C(N=C3N)Cl)CO)O,3
Epirizole,CC1=CC(=NC(=N1)N2C(=CC(=N2)C)OC)OC,3
GBR 12909 dihydrochloride,C1CN(CCN1CCCC2=CC=CC=C2)CCOC(C3=CC=C(C=C3)F)C4=CC=C(C=C4)F,3
Idebenone,CC1=C(C(=O)C(=C(C1=O)OC)OC)CCCCCCCCCCO,3
Iohexol,CC(=O)N(CC(CO)O)C1=C(C(=C(C(=C1I)C(=O)NCC(CO)O)I)C(=O)NCC(CO)O)I,3
Isosorbide dinitrate,C1[C@H]([C@@H]2[C@H](O1)[C@H](CO2)O[N+](=O)[O-])O[N+](=O)[O-],3
Mesoridazine besylate,CN1CCCCC1CCN2C3=CC=CC=C3SC4=C2C=C(C=C4)S(=O)C,3
Mifepristone,CC#C[C@@]1(CC[C@@H]2[C@@]1(C[C@@H](C3=C4CCC(=O)C=C4CC[C@@H]23)C5=CC=C(C=C5)N(C)C)C)O,3
Sertraline,CN[C@H]1CC[C@H](C2=CC=CC=C12)C3=CC(=C(C=C3)Cl)Cl,3
Simvastatin,CCC(C)(C)C(=O)O[C@H]1C[C@H](C=C2[C@H]1[C@H]([C@H](C=C2)C)CC[C@@H]3C[C@H](CC(=O)O3)O)C,3
Thioguanosine,C1=NC2=C(N1[C@H]3[C@@H]([C@@H]([C@H](O3)CO)O)O)NC(=NC2=S)N,3
Thyroxine (L),C1=C(C=C(C(=C1I)OC2=CC(=C(C(=C2)I)O)I)I)C[C@@H](C(=O)O)N,3
Acenocoumarol,CC(=O)CC(C1=CC=C(C=C1)[N+](=O)[O-])C2=C(C3=CC=CC=C3OC2=O)O,2
Acetopromazine maleate salt,CC(=O)C1=CC2=C(C=C1)SC3=CC=CC=C3N2CCCN(C)C,2
Amlodipine,CCOC(=O)C1=C(NC(=C(C1C2=CC=CC=C2Cl)C(=O)OC)C)COCCN,2
Amoxapine,C1CN(CCN1)C2=NC3=CC=CC=C3OC4=C2C=C(C=C4)Cl,2
Carbenoxolone disodium salt,C[C@@]1(CCC2(CC[C@@]3(C(=CC(=O)[C@H]4C3(CC[C@@H]5C4(CCC(C5(C)C)OC(=O)CCC(=O)O)C)C)C2C1)C)C)C(=O)O,2
Erlotinib,COCCOC1=C(C=C2C(=C1)C(=NC=N2)NC3=CC=CC(=C3)C#C)OCCOC,2
Etofenamate,C1=CC=C(C(=C1)C(=O)OCCOCCO)NC2=CC=CC(=C2)C(F)(F)F,2
Fluspirilen,C1CN(CCC12C(=O)NCN2C3=CC=CC=C3)CCCC(C4=CC=C(C=C4)F)C5=CC=C(C=C5)F,2
Folic acid,C1=CC(=CC=C1C(=O)N[C@@H](CCC(=O)O)C(=O)O)NCC2=CN=C3C(=N2)C(=O)N=C(N3)N,2
Gemcitabine,C1=CN(C(=O)N=C1N)[C@H]2C([C@@H]([C@H](O2)CO)O)(F)F,2
Haloperidol,C1CN(CCC1(C2=CC=C(C=C2)Cl)O)CCCC(=O)C3=CC=C(C=C3)F,2
Hydrocortisone base,C[C@]12CCC(=O)C=C1CC[C@@H]3[C@@H]2[C@H](C[C@]4([C@H]3CC[C@@]4(C(=O)CO)O)C)O,2
Leflunomide,CC1=C(C=NO1)C(=O)NC2=CC=C(C=C2)C(F)(F)F,2
Loperamide hydrochloride,CN(C)C(=O)C(CCN1CCC(CC1)(C2=CC=C(C=C2)Cl)O)(C3=CC=CC=C3)C4=CC=CC=C4,2
Lynestrenol,C[C@]12CC[C@H]3[C@H]([C@@H]1CC[C@]2(C#C)O)CCC4=CCCC[C@H]34,2
"Mebhydroline 1,5-naphtalenedisulfonate",CN1CCC2=C(C1)C3=CC=CC=C3N2CC4=CC=CC=C4.CN1CCC2=C(C1)C3=CC=CC=C3N2CC4=CC=CC=C4.C1=CC2=C(C=CC=C2S(=O)(=O)O)C(=C1)S(=O)(=O)O,2
Metergoline,CN1C[C@@H](C[C@H]2[C@H]1CC3=CN(C4=CC=CC2=C34)C)CNC(=O)OCC5=CC=CC=C5,2
Mitotane,C1=CC=C(C(=C1)C(C2=CC=C(C=C2)Cl)C(Cl)Cl)Cl,2
Nicardipine hydrochloride,CC1=C(C(C(=C(N1)C)C(=O)OCCN(C)CC2=CC=CC=C2)C3=CC(=CC=C3)[N+](=O)[O-])C(=O)OC,2
Nilutamide,CC1(C(=O)N(C(=O)N1)C2=CC(=C(C=C2)[N+](=O)[O-])C(F)(F)F)C,2
Norcyclobenzaprine,CNCCC=C1C2=CC=CC=C2C=CC3=CC=CC=C31,2
Pemirolast potassium,CC1=CC=CN2C1=NC=C(C2=O)C3=NNN=N3,2
Pioglitazone,CCC1=CN=C(C=C1)CCOC2=CC=C(C=C2)CC3C(=O)NC(=O)S3,2
Pridinol methanesulfonate salt,C1CCN(CC1)CCC(C2=CC=CC=C2)(C3=CC=CC=C3)O,2
Racepinephrine HCl,CNCC(C1=CC(=C(C=C1)O)O)O,2
Riluzole hydrochloride,C1=CC2=C(C=C1OC(F)(F)F)SC(=N2)N,2
Triflupromazine hydrochloride,CN(C)CCCN1C2=CC=CC=C2SC3=C1C=C(C=C3)C(F)(F)F,2
Alverine citrate salt,CCN(CCCC1=CC=CC=C1)CCCC2=CC=CC=C2.C(C(=O)O)C(CC(=O)O)(C(=O)O)O,1
Azacytidine-5,C1=NC(=NC(=O)N1C2[C@H]([C@H]([C@H](O2)CO)O)O)N,1
Benfluorex hydrochloride,CC(CC1=CC(=CC=C1)C(F)(F)F)NCCOC(=O)C2=CC=CC=C2,1
Benzydamine hydrochloride,CN(C)CCCOC1=NN(C2=CC=CC=C21)CC3=CC=CC=C3,1
Betaxolol hydrochloride,CC(C)NCC(COC1=CC=C(C=C1)CCOCC2CC2)O,1
Bosentan,CC(C)(C)C1=CC=C(C=C1)S(=O)(=O)NC2=C(C(=NC(=N2)C3=NC=CC=N3)OCCO)OC4=CC=CC=C4OC,1
Bromperidol,C1CN(CCC1(C2=CC=C(C=C2)Br)O)CCCC(=O)C3=CC=C(C=C3)F,1
Bufexamac,CCCCOC1=CC=C(C=C1)CC(=O)NO,1
Butamben,CCCCOC(=O)C1=CC=C(C=C1)N,1
Carvedilol,COC1=CC=CC=C1OCCNCC(COC2=CC=CC3=C2C4=CC=CC=C4N3)O,1
Chlorcyclizine hydrochloride,CN1CCN(CC1)C(C2=CC=CC=C2)C3=CC=C(C=C3)Cl,1
Chlorpheniramine maleate,CN(C)CCC(C1=CC=C(C=C1)Cl)C2=CC=CC=N2,1
Clomipramine hydrochloride,CN(C)CCCN1C2=CC=CC=C2CCC3=C1C=C(C=C3)Cl,1
Cyclopenthiazide,C1CCC(C1)CC2NC3=CC(=C(C=C3S(=O)(=O)N2)S(=O)(=O)N)Cl,1
Cyproheptadine hydrochloride,CN1CCC(=C2C3=CC=CC=C3C=CC4=CC=CC=C42)CC1,1
Dacarbazine,CN(C)NN=C1C(=NC=N1)C(=O)N,1
Dantrolene sodium salt,C1C(=O)NC(=O)N1/N=C/C2=CC=C(O2)C3=CC=C(C=C3)[N+](=O)[O-],1
Darifenacin hydrobromide,C1CN(C[C@@H]1C(C2=CC=CC=C2)(C3=CC=CC=C3)C(=O)N)CCC4=CC5=C(C=C4)OCC5,1
Demecarium bromide,CN(CCCCCCCCCCN(C)C(=O)OC1=CC=CC(=C1)[N+](C)(C)C)C(=O)OC2=CC=CC(=C2)[N+](C)(C)C,1
Deptropine citrate,CN1C2CCC1CC(C2)OC3C4=CC=CC=C4CCC5=CC=CC=C35.C(C(=O)O)C(CC(=O)O)(C(=O)O)O,1
Dicyclomine hydrochloride,CCN(CC)CCOC(=O)C1(CCCCC1)C2CCCCC2,1
Digoxin,C[C@@H]1[C@H]([C@H](C[C@@H](O1)O[C@@H]2[C@H](O[C@H](C[C@@H]2O)O[C@@H]3[C@H](O[C@H](C[C@@H]3O)O[C@H]4CC[C@]5([C@@H](C4)CC[C@@H]6[C@@H]5C[C@H]([C@]7([C@@]6(CC[C@@H]7C8=CC(=O)OC8)O)C)O)C)C)C)O)O,1
Dimethisoquin hydrochloride,CCCCC1=CC2=CC=CC=C2C(=N1)OCCN(C)C,1
Doxazosin mesylate,COC1=C(C=C2C(=C1)C(=NC(=N2)N3CCN(CC3)C(=O)C4COC5=CC=CC=C5O4)N)OC,1
Eburnamonine (-),CC[C@@]12CCCN3[C@@H]1C4=C(CC3)C5=CC=CC=C5N4C(=O)C2,1
Estropipate,C[C@]12CC[C@H]3[C@H]([C@@H]1CCC2=O)CCC4=C3C=CC(=C4)OS(=O)(=O)O,1
Etretinate,CCOC(=O)/C=C(\C)/C=C/C=C(\C)/C=C/C1=C(C(=C(C=C1C)OC)C)C,1
Fadrozole hydrochloride,C1CC(N2C=NC=C2C1)C3=CC=C(C=C3)C#N,1
Famotidine,C1=C(N=C(S1)N=C(N)N)CSCCC(=NS(=O)(=O)N)N,1
Famprofazone,CC(C)C1=C(N(N(C1=O)C2=CC=CC=C2)C)CN(C)C(C)CC3=CC=CC=C3,1
Fenbufen,C1=CC=C(C=C1)C2=CC=C(C=C2)C(=O)CCC(=O)O,1
Fentiazac,C1=CC=C(C=C1)C2=NC(=C(S2)CC(=O)O)C3=CC=C(C=C3)Cl,1
Fexofenadine HCl,CC(C)(C1=CC=C(C=C1)C(CCCN2CCC(CC2)C(C3=CC=CC=C3)(C4=CC=CC=C4)O)O)C(=O)O,1
Fludarabine,C1=NC2=C(N1[C@H]3[C@H]([C@@H]([C@H](O3)CO)O)O)N=C(N=C2N)F,1
Flunarizine dihydrochloride,C1CN(CCN1C/C=C/C2=CC=CC=C2)C(C3=CC=C(C=C3)F)C4=CC=C(C=C4)F,1
Fluorometholone,C[C@H]1C[C@H]2[C@@H]3CC[C@@]([C@]3(C[C@@H]([C@@]2([C@@]4(C1=CC(=O)C=C4)C)F)O)C)(C(=O)C)O,1
Glafenine hydrochloride,C1=CC=C(C(=C1)C(=O)OCC(CO)O)NC2=C3C=CC(=CC3=NC=C2)Cl,1
Gliquidone,CC1(C2=C(C=C(C=C2)OC)C(=O)N(C1=O)CCC3=CC=C(C=C3)S(=O)(=O)NC(=O)NC4CCCCC4)C,1
Guanadrel sulfate,C1CCC2(CC1)OCC(O2)CN=C(N)N,1
Ibutilide fumarate,CCCCCCCN(CC)CCCC(C1=CC=C(C=C1)NS(=O)(=O)C)O,1
Iocetamic acid,CC(CN(C1=C(C=C(C(=C1I)N)I)I)C(=O)C)C(=O)O,1
Iopanoic acid,CCC(CC1=C(C(=C(C=C1I)I)N)I)C(=O)O,1
Methantheline bromide,CC[N+](C)(CC)CCOC(=O)C1C2=CC=CC=C2OC3=CC=CC=C13,1
Methiazole,CC(C)SC1=CC2=C(C=C1)N=C(N2)NC(=O)OC,1
Methotrimeprazine maleat salt,CC(CN1C2=CC=CC=C2SC3=C1C=C(C=C3)OC)CN(C)C,1
Mometasone furoate,C[C@@H]1C[C@H]2[C@@H]3CCC4=CC(=O)C=C[C@@]4([C@]3([C@H](C[C@@]2([C@]1(C(=O)CCl)OC(=O)C5=CC=CO5)C)O)Cl)C,1
Naftopidil dihydrochloride,COC1=CC=CC=C1N2CCN(CC2)CC(COC3=CC=CC4=CC=CC=C43)O,1
Nefazodone HCl,CCC1=NN(C(=O)N1CCOC2=CC=CC=C2)CCCN3CCN(CC3)C4=CC(=CC=C4)Cl,1
Nicorandil,C1=CC(=CN=C1)C(=O)NCCO[N+](=O)[O-],1
Nimesulide,CS(=O)(=O)NC1=C(C=C(C=C1)[N+](=O)[O-])OC2=CC=CC=C2,1
Nimodipine,CC1=C(C(C(=C(N1)C)C(=O)OC(C)C)C2=CC(=CC=C2)[N+](=O)[O-])C(=O)OCCOC,1
Norgestimate,CC[C@]12CC[C@H]3[C@H]([C@@H]1CC[C@]2(C#C)OC(=O)C)CCC4=C/C(=N/O)/CC[C@H]34,1
Oxaprozin,C1=CC=C(C=C1)C2=C(OC(=N2)CCC(=O)O)C3=CC=CC=C3,1
Paclitaxel,CC1=C2[C@H](C(=O)[C@@]3([C@H](C[C@@H]4[C@]([C@H]3[C@@H]([C@@](C2(C)C)(C[C@@H]1OC(=O)[C@@H]([C@H](C5=CC=CC=C5)NC(=O)C6=CC=CC=C6)O)O)OC(=O)C7=CC=CC=C7)(CO4)OC(=O)C)O)C)OC(=O)C,1
Phenindione,C1=CC=C(C=C1)C2C(=O)C3=CC=CC=C3C2=O,1
Pizotifen malate,CN1CCC(=C2C3=C(CCC4=CC=CC=C42)SC=C3)CC1,1
Pranlukast,C1=CC=C(C=C1)CCCCOC2=CC=C(C=C2)C(=O)NC3=CC=CC4=C3OC(=CC4=O)C5=NNN=N5,1
Prilocaine hydrochloride,CCCNC(C)C(=O)NC1=CC=CC=C1C,1
Quetiapine hemifumarate,C1CN(CCN1CCOCCO)C2=NC3=CC=CC=C3SC4=CC=CC=C42,1
R(-) Apomorphine hydrochloride hemihydrate,CN1CCC2=CC=CC3=C2[C@H]1CC4=C3C(=C(C=C4)O)O,1
Raloxifene hydrochloride,C1CCN(CC1)CCOC2=CC=C(C=C2)C(=O)C3=C(SC4=C3C=CC(=C4)O)C5=CC=C(C=C5)O,1
Reserpine,CO[C@H]1[C@@H](C[C@@H]2CN3CCC4=C([C@H]3C[C@@H]2[C@@H]1C(=O)OC)NC5=C4C=CC(=C5)OC)OC(=O)C6=CC(=C(C(=C6)OC)OC)OC,1
Salmeterol,C1=CC=C(C=C1)CCCCOCCCCCCNCC(C2=CC(=C(C=C2)O)CO)O,1
Spiperone,C1CN(CCC12C(=O)NCN2C3=CC=CC=C3)CCCC(=O)C4=CC=C(C=C4)F,1
Sumatriptan succinate,CNS(=O)(=O)CC1=CC2=C(C=C1)NC=C2CCN(C)C,1
Temozolomide,CN1C(=O)N2C=NC(=C2N=N1)C(=O)N,1
Testosterone propionate,CCC(=O)O[C@H]1CC[C@@H]2[C@@]1(CC[C@H]3[C@H]2CCC4=CC(=O)CC[C@]34C)C,1
Trazodone hydrochloride,C1CN(CCN1CCCN2C(=O)N3C=CC=CC3=N2)C4=CC(=CC=C4)Cl,1
Tribenoside,CCOC1[C@@H]([C@H]([C@H](O1)[C@@H](COCC2=CC=CC=C2)OCC3=CC=CC=C3)OCC4=CC=CC=C4)O,1
Zileuton,CC(C1=CC2=CC=CC=C2S1)N(C(=O)N)O,1
Ziprasidone  Hydrochloride,ClC1=C(CCN2CCN(CC2)C2=NSC3=CC=CC=C23)C=C2CC(=O)NC2=C1,1
(-) -Levobunolol hydrochloride,CC(C)(C)NC[C@@H](COC1=CC=CC2=C1CCCC2=O)O,0
(-)-Eseroline fumarate salt,[H][C@]12N(C)CC[C@@]1(C)C1=C(C=CC(OC(=O)NC3=CC=CC=C3)=C1)N2C,0
(-)-Isoproterenol hydrochloride,CC(C)NC[C@@H](C1=CC(=C(C=C1)O)O)O,0
(-)-MK 801 hydrogen maleate,C[C@]12C3=CC=CC=C3C[C@H](N1)C4=CC=CC=C24.C(=C\C(=O)O)\C(=O)O,0
(+) -Levobunolol hydrochloride,CC(C)(C)NC[C@H](COC1=CC=CC2=C1CCCC2=O)O,0
(+)-Isoproterenol (+)-bitartrate salt,CC(C)NCC(C1=CC(=C(C=C1)O)O)O.C(C(C(=O)O)O)(C(=O)O)O,0
"(+,-)-Octopamine hydrochloride",C1=CC(=CC=C1C(CN)O)O,0
"(+,-)-Synephrine",CNCC(C1=CC=C(C=C1)O)O,0
(R) -Naproxen sodium salt,C[C@H](C1=CC2=C(C=C1)C=C(C=C2)OC)C(=O)O,0
(R)-(+)-Atenolol,CC(C)NC[C@H](COC1=CC=C(C=C1)CC(=O)N)O,0
(R)-Propranolol hydrochloride,CC(C)NCC(COC1=CC=CC2=CC=CC=C21)O,0
(S)-(-)-Atenolol,CC(C)NC[C@@H](COC1=CC=C(C=C1)CC(=O)N)O,0
(S)-propranolol hydrochloride,CC(C)NC[C@@H](COC1=CC=CC2=CC=CC=C21)O,0
3-alpha-Hydroxy-5-beta-androstan-17-one,C[C@]12CC[C@H](C[C@H]1CC[C@@H]3C2CC[C@]4([C@H]3CCC4=O)C)O,0
Acamprosate calcium,CC(=O)NCCCS(=O)(=O)O,0
Acebutolol hydrochloride,CCCC(=O)NC1=CC(=C(C=C1)OCC(CNC(C)C)O)C(=O)C,0
Aceclidine Hydrochloride,CC(=O)OC1CN2CCC1CC2,0
Aceclofenac,C1=CC=C(C(=C1)CC(=O)OCC(=O)O)NC2=C(C=CC=C2Cl)Cl,0
Acefylline,CN1C2=C(C(=O)N(C1=O)C)N(C=N2)CC(=O)O,0
Acemetacin,CC1=C(C2=C(N1C(=O)C3=CC=C(C=C3)Cl)C=CC(=C2)OC)CC(=O)OCC(=O)O,0
Acetaminophen,CC(=O)NC1=CC=C(C=C1)O,0
Acetazolamide,CC(=O)NC1=NN=C(S1)S(=O)(=O)N,0
Acetohexamide,CC(=O)C1=CC=C(C=C1)S(=O)(=O)NC(=O)NC2CCCCC2,0
Acetylcysteine,CC(=O)N[C@@H](CS)C(=O)O,0
Acetylsalicylic acid,CC(=O)OC1=CC=CC=C1C(=O)O,0
Acipimox,CC1=CN=C(C=[N+]1[O-])C(=O)O,0
Acitretin,CC1=CC(=C(C(=C1/C=C/C(=C/C=C/C(=C/C(=O)O)/C)/C)C)C)OC,0
Adamantamine fumarate,C1C2CC3CC1CC(C2)(C3)N.C1C2CC3CC1CC(C2)(C3)N.C(=C/C(=O)O)\C(=O)O,0
Adiphenine hydrochloride,CCN(CC)CCOC(=O)C(C1=CC=CC=C1)C2=CC=CC=C2,0
Adrenosterone,C[C@]12CCC(=O)C=C1CC[C@@H]3[C@@H]2C(=O)C[C@]4([C@H]3CCC4=O)C,0
Alclometasone dipropionate,CCC(=O)OCC(=O)[C@]1([C@@H](C[C@@H]2[C@@]1(C[C@@H]([C@H]3[C@H]2[C@@H](CC4=CC(=O)C=C[C@]34C)Cl)O)C)C)OC(=O)CC,0
Alcuronium chloride,C=CC[N+]12C3C4(C5=CC=CC=C5N/6C4/C(=C\N7C8/C(=C6)/C9/C(=C\CO)/C[N+]4(C(C8(C5=CC=CC=C75)CC4)C9)CC=C)/C(C3)/C(=C\CO)/C1)CC2,0
Alendronate sodium,C(CC(O)(P(=O)(O)O)P(=O)(O)O)CN,0
Alfadolone acetate,CC(=O)OCC(=O)[C@H]1CC[C@@H]2[C@@]1(CC(=O)[C@H]3[C@H]2CC[C@@H]4[C@@]3(CC[C@H](C4)O)C)C,0
Alfaxalone,CC(=O)[C@H]1CC[C@@H]2[C@@]1(CC(=O)[C@H]3[C@H]2CC[C@@H]4[C@@]3(CC[C@H](C4)O)C)C,0
Alfuzosin hydrochloride,CN(CCCNC(=O)C1CCCO1)C2=NC3=CC(=C(C=C3C(=N2)N)OC)OC,0
Alizapride HCl,COC1=CC2=NNN=C2C=C1C(=O)NCC3CCCN3CC=C,0
Allopurinol,C1=C2C(=NC=NC2=O)NN1,0
Alprenolol hydrochloride,CC(C)NCC(COC1=CC=CC=C1CC=C)O,0
Alprostadil,CCCCC[C@@H](/C=C/[C@H]1[C@@H](CC(=O)[C@@H]1CCCCCCC(=O)O)O)O,0
Althiazide,C=CCSCC1NC2=CC(=C(C=C2S(=O)(=O)N1)S(=O)(=O)N)Cl,0
Altretamine,CN(C)C1=NC(=NC(=N1)N(C)C)N(C)C,0
Ambrisentan,CC1=CC(=NC(=N1)O[C@H](C(=O)O)C(C2=CC=CC=C2)(C3=CC=CC=C3)OC)C,0
Ambroxol hydrochloride,C1CC(CCC1NCC2=CC(=CC(=C2N)Br)Br)O,0
Amcinonide,CC(=O)OCC(=O)[C@@]12[C@@H](C[C@@H]3[C@@]1(C[C@@H]([C@]4([C@H]3CCC5=CC(=O)C=C[C@@]54C)F)O)C)OC6(O2)CCCC6,0
Amfepramone hydrochloride,CCN(CC)C(C)C(=O)C1=CC=CC=C1,0
Amidopyrine,CC1=C(C(=O)N(N1C)C2=CC=CC=C2)N(C)C,0
Amifostine,C(CN)CNCCSP(=O)(O)O,0
Amiloride hydrochloride dihydrate,C1(=C(N=C(C(=N1)Cl)N)N)C(=O)N=C(N)N,0
Aminocaproic acid,C(CCC(=O)O)CCN,0
Aminohippuric acid,C1=CC(=CC=C1C(=O)NCC(=O)O)N,0
Aminophylline,CN1C2=C(C(=O)N(C1=O)C)NC=N2,0
Amisulpride,CCN1CCCC1CNC(=O)C2=CC(=C(C=C2OC)N)S(=O)(=O)CC,0
Amitryptiline hydrochloride,CN(C)CCC=C1C2=CC=CC=C2CCC3=CC=CC=C31,0
Amrinone,C1=CN=CC=C1C2=CNC(=O)C(=C2)N,0
Amyleine hydrochloride,CCC(C)(CN(C)C)OC(=O)C1=CC=CC=C1,0
Anastrozole,CC(C)(C#N)C1=CC(=CC(=C1)CN2C=NC=N2)C(C)(C)C#N,0
Androsterone,C[C@]12CC[C@H](C[C@@H]1CC[C@@H]3[C@@H]2CC[C@]4([C@H]3CCC4=O)C)O,0
Aniracetam,COC1=CC=C(C=C1)C(=O)N2CCCC2=O,0
Antazoline hydrochloride,C1CN=C(N1)CN(CC2=CC=CC=C2)C3=CC=CC=C3,0
Antipyrine,CC1=CC(=O)N(N1C)C2=CC=CC=C2,0
Argatroban,C[C@@H]1CCN([C@H](C1)C(=O)O)C(=O)[C@H](CCCN=C(N)N)NS(=O)(=O)C2=CC=CC3=C2NCC(C3)C,0
Articaine hydrochloride,CCCNC(C)C(=O)NC1=C(SC=C1C)C(=O)OC,0
Ascorbic acid,C([C@@H]([C@@H]1C(=C(C(=O)O1)O)O)O)O,0
Atorvastatin,CC(C)C1=C(C(=C(N1CC[C@H](C[C@H](CC(=O)O)O)O)C2=CC=C(C=C2)F)C3=CC=CC=C3)C(=O)NC4=CC=CC=C4,0
Atracurium besylate,C[N+]1(CCC2=CC(=C(C=C2C1CC3=CC(=C(C=C3)OC)OC)OC)OC)CCC(=O)OCCCCCOC(=O)CC[N+]4(CCC5=CC(=C(C=C5C4CC6=CC(=C(C=C6)OC)OC)OC)OC)C,0
Atropine sulfate monohydrate,CN1C2CCC1CC(C2)OC(=O)C(CO)C3=CC=CC=C3,0
Azacyclonol,C1CNCCC1C(C2=CC=CC=C2)(C3=CC=CC=C3)O,0
Azapropazone,CCCC1C(=O)N2C3=C(C=CC(=C3)C)N=C(N2C1=O)N(C)C,0
"Baclofen (R,S)",C1=CC(=CC=C1C(CC(=O)O)CN)Cl,0
Balsalazide Sodium,C1=CC(=CC=C1C(=O)NCCC(=O)O)NN=C2C=CC(=O)C(=C2)C(=O)O,0
Bambuterol hydrochloride,CC(C)(C)NCC(C1=CC(=CC(=C1)OC(=O)N(C)C)OC(=O)N(C)C)O,0
Beclomethasone dipropionate,CCC(=O)OCC(=O)[C@]1([C@H](C[C@@H]2[C@@]1(C[C@@H]([C@]3([C@H]2CCC4=CC(=O)C=C[C@@]43C)Cl)O)C)C)OC(=O)CC,0
Bemegride,CCC1(CC(=O)NC(=O)C1)C,0
Benazepril HCl,CCOC(=O)[C@H](CCC1=CC=CC=C1)N[C@H]2CCC3=CC=CC=C3N(C2=O)CC(=O)O,0
Bendroflumethiazide,C1=CC=C(C=C1)CC2NC3=C(C=C(C(=C3)C(F)(F)F)S(=O)(=O)N)S(=O)(=O)N2,0
Benfotiamine,CC1=NC=C(C(=N1)N)CN(C=O)C(=C(CCOP(=O)(O)O)SC(=O)C2=CC=CC=C2)C,0
Benoxinate hydrochloride,CCCCOC1=C(C=CC(=C1)C(=O)OCCN(CC)CC)N,0
Benperidol,C1CN(CCC1N2C3=CC=CC=C3NC2=O)CCCC(=O)C4=CC=C(C=C4)F,0
Benzamil hydrochloride,C1=CC=C(C=C1)CN=C(N)NC(=O)C2=C(N=C(C(=N2)Cl)N)N,0
Benzocaine,CCOC(=O)C1=CC=C(C=C1)N,0
Benzonatate,CCCCNC1=CC=C(C=C1)C(=O)OCCOCCOCCOCCOCCOCCOCCOCCOCCOC,0
Benzthiazide,C1=CC=C(C=C1)CSCC2=NS(=O)(=O)C3=CC(=C(C=C3N2)Cl)S(=O)(=O)N,0
Benztropine mesylate,CN1C2CCC1CC(C2)OC(C3=CC=CC=C3)C4=CC=CC=C4,0
Betahistine mesylate,CNCCC1=CC=CC=N1,0
Betamethasone,C[C@H]1C[C@H]2[C@@H]3CCC4=CC(=O)C=C[C@@]4([C@]3([C@H](C[C@@]2([C@]1(C(=O)CO)O)C)O)F)C,0
Betazole hydrochloride,C1=C(NN=C1)CCN,0
Bethanechol chloride,CC(C[N+](C)(C)C)OC(=O)N,0
Bezafibrate,CC(C)(C(=O)O)OC1=CC=C(C=C1)CCNC(=O)C2=CC=C(C=C2)Cl,0
Bicalutamide,CC(CS(=O)(=O)C1=CC=C(C=C1)F)(C(=O)NC2=CC(=C(C=C2)C#N)C(F)(F)F)O,0
Biotin,C1[C@H]2[C@@H]([C@@H](S1)CCCCC(=O)O)NC(=O)N2,0
Biperiden hydrochloride,C1CCN(CC1)CCC(C2CC3CC2C=C3)(C4=CC=CC=C4)O,0
Bisacodyl,CC(=O)OC1=CC=C(C=C1)C(C2=CC=C(C=C2)OC(=O)C)C3=CC=CC=N3,0
Bisoprolol fumarate,CC(C)NCC(COC1=CC=C(C=C1)COCCOC(C)C)O,0
Bretylium tosylate,CC[N+](C)(C)CC1=CC=CC=C1Br,0
Brinzolamide,CCN[C@H]1CN(S(=O)(=O)C2=C1C=C(S2)S(=O)(=O)N)CCCOC,0
Bromhexine hydrochloride,CN(CC1=CC(=CC(=C1N)Br)Br)C2CCCCC2,0
Bromocryptine mesylate,CC(C)C[C@H]1C(=O)N2CCC[C@H]2[C@]3(N1C(=O)[C@](O3)(C(C)C)NC(=O)[C@H]4CN([C@@H]5CC6=C(NC7=CC=CC(=C67)C5=C4)Br)C)O,0
Bromopride,CCN(CC)CCNC(=O)C1=CC(=C(C=C1OC)N)Br,0
Brompheniramine maleate,CN(C)CCC(C1=CC=C(C=C1)Br)C2=CC=CC=N2,0
Bucladesine sodium salt,CCCC(=O)NC1=NC=NC2=C1N=CN2C3C(C4C(O3)COP(=O)(O4)O)OC(=O)CCC,0
Budesonide,CCCC1O[C@@H]2C[C@H]3[C@@H]4CCC5=CC(=O)C=C[C@@]5([C@H]4[C@H](C[C@@]3([C@@]2(O1)C(=O)CO)C)O)C,0
Buflomedil hydrochloride,COC1=CC(=C(C(=C1)OC)C(=O)CCCN2CCCC2)OC,0
Bumetanide,CCCCNC1=C(C(=CC(=C1)C(=O)O)S(=O)(=O)N)OC2=CC=CC=C2,0
Bupivacaine hydrochloride,CCCCN1CCCCC1C(=O)NC2=C(C=CC=C2C)C,0
Bupropion hydrochloride,CC(C(=O)C1=CC(=CC=C1)Cl)NC(C)(C)C,0
Buspirone hydrochloride,C1CCC2(C1)CC(=O)N(C(=O)C2)CCCCN3CCN(CC3)C4=NC=CC=N4,0
Busulfan,CS(=O)(=O)OCCCCOS(=O)(=O)C,0
Butacaine,CCCCN(CCCC)CCCOC(=O)C1=CC=C(C=C1)N,0
Butalbital,CC(C)CC1(C(=O)NC(=O)NC1=O)CC=C,0
Butylscopolammonium (n-) bromide,CCCC[N+]1(C)[C@H]2C[C@@H](C[C@@H]1[C@H]1O[C@@H]21)OC(=O)[C@H](CO)C1=CC=CC=C1,0
Caffeine,CN1C=NC2=C1C(=O)N(C(=O)N2C)C,0
Calcipotriene,C[C@H](/C=C/[C@H](C1CC1)O)[C@H]2CC[C@@H]\3[C@@]2(CCC/C3=C\C=C/4\C[C@H](C[C@@H](C4=C)O)O)C,0
Camylofine chlorhydrate,CCN(CC)CCNC(C1=CC=CC=C1)C(=O)OCCC(C)C,0
Candesartan,CCOC1=NC2=CC=CC(=C2N1CC3=CC=C(C=C3)C4=CC=CC=C4C5=NNN=N5)C(=O)O,0
Canrenoic acid potassium salt,C[C@]12CCC(=O)C=C1C=C[C@@H]3[C@@H]2CC[C@]4([C@H]3CC[C@]4(CCC(=O)O)O)C,0
Canrenone,C[C@]12CCC(=O)C=C1C=C[C@@H]3[C@@H]2CC[C@]4([C@H]3CC[C@@]45CCC(=O)O5)C,0
Captopril,C[C@H](CS)C(=O)N1CCC[C@H]1C(=O)O,0
Carbachol,C[N+](C)(C)CCOC(=O)N,0
Carbamazepine,C1=CC=C2C(=C1)C=CC3=CC=CC=C3N2C(=O)N,0
Carbetapentane citrate,CCN(CC)CCOCCOC(=O)C1(CCCC1)C2=CC=CC=C2.C(C(=O)O)C(CC(=O)O)(C(=O)O)O,0
Carbimazole,CCOC(=O)N1C=CN(C1=S)C,0
Carbinoxamine maleate salt,CN(C)CCOC(C1=CC=C(C=C1)Cl)C2=CC=CC=N2,0
Carisoprodol,CCCC(C)(COC(=O)N)COC(=O)NC(C)C,0
Carteolol hydrochloride,CC(C)(C)NCC(COC1=CC=CC2=C1CCC(=O)N2)O,0
Catharanthine,CCC1=CC2CC3(C1N(C2)CCC4=C3NC5=CC=CC=C45)C(=O)OC,0
Celecoxib,CC1=CC=C(C=C1)C2=CC(=NN2C3=CC=C(C=C3)S(=O)(=O)N)C(F)(F)F,0
Celiprolol HCl,CCN(CC)C(=O)NC1=CC(=C(C=C1)OCC(CNC(C)(C)C)O)C(=O)C,0
Cetirizine dihydrochloride,C1CN(CCN1CCOCC(=O)O)C(C2=CC=CC=C2)C3=CC=C(C=C3)Cl,0
Chenodiol,C[C@H](CCC(=O)O)[C@H]1CC[C@@H]2[C@@]1(CC[C@H]3[C@H]2[C@@H](C[C@H]4[C@@]3(CC[C@H](C4)O)C)O)C,0
Chlorambucil,C1=CC(=CC=C1CCCC(=O)O)N(CCCl)CCCl,0
Chlormadinone acetate,CC(=O)[C@]1(CC[C@@H]2[C@@]1(CC[C@H]3[C@H]2C=C(C4=CC(=O)CC[C@]34C)Cl)C)OC(=O)C,0
Chlormezanone,CN1C(S(=O)(=O)CCC1=O)C2=CC=C(C=C2)Cl,0
Chloropyramine hydrochloride,CN(C)CCN(CC1=CC=C(C=C1)Cl)C2=CC=CC=N2,0
Chlorothiazide,C1=C2C(=CC(=C1Cl)S(=O)(=O)N)S(=O)(=O)N=CN2,0
Chlorpropamide,CCCNC(=O)NS(=O)(=O)C1=CC=C(C=C1)Cl,0
Chlorthalidone,C1=CC=C2C(=C1)C(=O)NC2(C3=CC(=C(C=C3)Cl)S(=O)(=O)N)O,0
Chlorzoxazone,C1=CC2=C(C=C1Cl)NC(=O)O2,0
Cilostazol,C1CCC(CC1)N2C(=NN=N2)CCCCOC3=CC4=C(C=C3)NC(=O)CC4,0
Cimetidine,CC1=C(N=CN1)CSCCNC(=NC)NC#N,0
Ciprofibrate,CC(C)(C(=O)O)OC1=CC=C(C=C1)C2CC2(Cl)Cl,0
Cisapride,COC1CN(CCC1NC(=O)C2=CC(=C(C=C2OC)N)Cl)CCCOC3=CC=C(C=C3)F,0
Citalopram Hydrobromide,CN(C)CCCC1(C2=C(CO1)C=C(C=C2)C#N)C3=CC=C(C=C3)F,0
Clebopride maleate,COC1=CC(=C(C=C1C(=O)NC2CCN(CC2)CC3=CC=CC=C3)Cl)N,0
Clemastine fumarate,C[C@@](C1=CC=CC=C1)(C2=CC=C(C=C2)Cl)OCC[C@H]3CCCN3C,0
Clenbuterol hydrochloride,CC(C)(C)NCC(C1=CC(=C(C(=C1)Cl)N)Cl)O,0
Clidinium bromide,C[N+]12CCC(CC1)C(C2)OC(=O)C(C3=CC=CC=C3)(C4=CC=CC=C4)O,0
Clobetasol propionate,CCC(=O)O[C@@]1([C@H](C[C@@H]2[C@@]1(C[C@@H]([C@]3([C@H]2CCC4=CC(=O)C=C[C@@]43C)F)O)C)C)C(=O)CCl,0
Clobutinol hydrochloride,CC(CN(C)C)C(C)(CC1=CC=C(C=C1)Cl)O,0
Clocortolone pivalate,C[C@@H]1C[C@H]2[C@@H]3C[C@@H](C4=CC(=O)C=C[C@@]4([C@]3([C@H](C[C@@]2([C@H]1C(=O)COC(=O)C(C)(C)C)C)O)Cl)C)F,0
Clodronate,C(P(=O)(O)O)(P(=O)(O)O)(Cl)Cl,0
Clofibrate,CCOC(=O)C(C)(C)OC1=CC=C(C=C1)Cl,0
Clonidine hydrochloride,C1CN=C(N1)NC2=C(C=CC=C2Cl)Cl,0
Clonixin Lysinate,CC1=C(NC2=C(C=CC=N2)C(O)=O)C=CC=C1Cl,0
Clopamide,CC1CCCC(N1NC(=O)C2=CC(=C(C=C2)Cl)S(=O)(=O)N)C,0
Cloperastine hydrochloride,C1CCN(CC1)CCOC(C2=CC=CC=C2)C3=CC=C(C=C3)Cl,0
Clorgyline hydrochloride,CN(CCCOC1=C(C=C(C=C1)Cl)Cl)CC#C,0
Clozapine,CN1CCN(CC1)C2=C3C=CC=CC3=NC4=C(N2)C=C(C=C4)Cl,0
Colchicine,CC(=O)N[C@H]1CCC2=CC(=C(C(=C2C3=CC=C(C(=O)C=C13)OC)OC)OC)OC,0
Cortisol acetate,CC(=O)OCC(=O)[C@]1(CC[C@@H]2[C@@]1(C[C@@H]([C@H]3[C@H]2CCC4=CC(=O)CC[C@]34C)O)C)O,0
Cortisone,C[C@]12CCC(=O)C=C1CC[C@@H]3[C@@H]2C(=O)C[C@]4([C@H]3CC[C@@]4(C(=O)CO)O)C,0
Cromolyn disodium salt,C1=CC2=C(C(=C1)OCC(COC3=CC=CC4=C3C(=O)C=C(O4)C(=O)O)O)C(=O)C=C(O2)C(=O)O,0
Cyanocobalamin,CC1=CC2=C(C=C1C)N(C=N2)C3C(C(C(O3)CO)OP(=O)(O)OC(C)CNC(=O)CCC4(C(C5C6(C(C(C(=N6)/C(=C\7/C(C(C(=CC8=NC(=C(C4=N5)C)C(C8(C)C)CCC(=O)N)N7)CCC(=O)N)(C)CC(=O)N)/C)CCC(=O)N)(C)CC(=O)N)C)CC(=O)N)C)O,0
Cyclizine hydrochloride,CN1CCN(CC1)C(C2=CC=CC=C2)C3=CC=CC=C3,0
Cyclopentolate hydrochloride,CN(C)CCOC(=O)C(C1=CC=CC=C1)C2(CCCC2)O,0
Cyclophosphamide,C1CNP(=O)(OC1)N(CCCl)CCCl,0
Cyproterone acetate,CC(=O)[C@]1(CC[C@@H]2[C@@]1(CC[C@H]3[C@H]2C=C(C4=CC(=O)[C@@H]5C[C@@H]5[C@]34C)Cl)C)OC(=O)C,0
Cytarabine,C1=CN(C(=O)N=C1N)[C@H]2[C@H]([C@@H]([C@H](O2)CO)O)O,0
Danazol,C[C@]12CC[C@H]3[C@H]([C@@H]1CC[C@]2(C#C)O)CCC4=CC5=C(C[C@]34C)C=NO5,0
Debrisoquin sulfate,C1CN(CC2=CC=CC=C21)C(=N)N,0
Decamethonium bromide,C[N+](C)(C)CCCCCCCCCC[N+](C)(C)C,0
Deferoxamine mesylate,CC(=O)N(CCCCCNC(=O)CCC(=O)N(CCCCCNC(=O)CCC(=O)N(CCCCCN)O)O)O,0
Deflazacort,CC1=N[C@@]2([C@H](O1)C[C@@H]3[C@@]2(C[C@@H]([C@H]4[C@H]3CCC5=CC(=O)C=C[C@]45C)O)C)C(=O)COC(=O)C,0
Dehydroisoandosterone 3-acetate,CC(=O)O[C@H]1CC[C@@]2([C@H]3CC[C@]4([C@H]([C@@H]3CC=C2C1)CCC4=O)C)C,0
Deoxycorticosterone,C[C@]12CC[C@H]3[C@H]([C@@H]1CC[C@@H]2C(=O)CO)CCC4=CC(=O)CC[C@]34C,0
Desipramine hydrochloride,CNCCCN1C2=CC=CC=C2CCC3=CC=CC=C31,0
Desloratadine,C1CC2=C(C=CC(=C2)Cl)C(=C3CCNCC3)C4=C1C=CC=N4,0
Dexamethasone acetate,CC1CC2C3CCC4=CC(=O)C=CC4(C3(C(CC2(C1(C(=O)COC(=O)C)O)C)O)F)C,0
Dexfenfluramine hydrochloride,CCN[C@@H](C)CC1=CC(=CC=C1)C(F)(F)F,0
Dextromethorphan hydrobromide monohydrate,CN1CC[C@@]23CCCC[C@@H]2[C@@H]1CC4=C3C=C(C=C4)OC,0
Diazoxide,CC1=NS(=O)(=O)C2=C(N1)C=CC(=C2)Cl,0
Dibenzepine hydrochloride,CN1C2=CC=CC=C2C(=O)N(C3=CC=CC=C31)CCN(C)C,0
Dibucaine,CCCCOC1=NC2=CC=CC=C2C(=C1)C(=O)NCCN(CC)CC,0
Dichlorphenamide,C1=C(C=C(C(=C1S(=O)(=O)N)Cl)Cl)S(=O)(=O)N,0
Diclofenac sodium,C1=CC=C(C(=C1)CC(=O)O)NC2=C(C=CC=C2Cl)Cl,0
Diflorasone Diacetate,C[C@H]1C[C@H]2[C@@H]3C[C@@H](C4=CC(=O)C=C[C@@]4([C@]3([C@H](C[C@@]2([C@]1(C(=O)COC(=O)C)OC(=O)C)C)O)F)C)F,0
Diflunisal,C1=CC(=C(C=C1C2=C(C=C(C=C2)F)F)C(=O)O)O,0
Digitoxigenin,C[C@]12CC[C@@H](C[C@H]1CC[C@@H]3[C@@H]2CC[C@]4([C@@]3(CC[C@@H]4C5=CC(=O)OC5)O)C)O,0
Dihydroergotamine tartrate,C[C@@]1(C(=O)N2[C@H](C(=O)N3CCC[C@H]3[C@@]2(O1)O)CC4=CC=CC=C4)NC(=O)[C@@H]5C[C@H]6[C@@H](CC7=CNC8=CC=CC6=C78)N(C5)C,0
Dilazep dihydrochloride,COC1=CC(=CC(=C1OC)OC)C(=O)OCCCN2CCCN(CC2)CCCOC(=O)C3=CC(=C(C(=C3)OC)OC)OC,0
Diltiazem hydrochloride,CC(=O)O[C@@H]1[C@@H](SC2=CC=CC=C2N(C1=O)CCN(C)C)C3=CC=C(C=C3)OC,0
Dimenhydrinate,CN1C2=C(C(=O)N(C1=O)C)NC(=N2)Cl.CN(C)CCOC(C1=CC=CC=C1)C2=CC=CC=C2,0
Dimethadione,CC1(C(=O)NC(=O)O1)C,0
Dinoprost trometamol,CCCCC[C@@H](/C=C/[C@H]1[C@@H](C[C@@H]([C@@H]1C/C=C\CCCC(=O)O)O)O)O,0
Diosmin,C[C@H]1[C@@H]([C@H]([C@H]([C@@H](O1)OC[C@@H]2[C@H]([C@@H]([C@H]([C@@H](O2)OC3=CC(=C4C(=C3)OC(=CC4=O)C5=CC(=C(C=C5)OC)O)O)O)O)O)O)O)O,0
Diphemanil methylsulfate,C[N+]1(CCC(=C(C2=CC=CC=C2)C3=CC=CC=C3)CC1)C,0
Diphenhydramine hydrochloride,CN(C)CCOC(C1=CC=CC=C1)C2=CC=CC=C2,0
Diphenidol hydrochloride,C1CCN(CC1)CCCC(C2=CC=CC=C2)(C3=CC=CC=C3)O,0
Diphenylpyraline hydrochloride,CN1CCC(CC1)OC(C2=CC=CC=C2)C3=CC=CC=C3,0
Dipivefrin hydrochloride,CC(C)(C)C(=O)OC1=C(C=C(C=C1)C(CNC)O)OC(=O)C(C)(C)C,0
Diprophylline,CN1C2=C(C(=O)N(C1=O)C)N(C=N2)CC(CO)O,0
Dipyridamole,C1CCN(CC1)C2=NC(=NC3=C2N=C(N=C3N4CCCCC4)N(CCO)CCO)N(CCO)CCO,0
Dipyrone,CC1=C(C(=O)N(N1C)C2=CC=CC=C2)N(C)CS(=O)(=O)O,0
Disopyramide,CC(C)N(CCC(C1=CC=CC=C1)(C2=CC=CC=N2)C(=O)N)C(C)C,0
Dizocilpine maleate,CC12C3=CC=CC=C3CC(N1)C4=CC=CC=C24.C(=C\C(=O)O)\C(=O)O,0
Dobutamine hydrochloride,CC(CCC1=CC=C(C=C1)O)NCCC2=CC(=C(C=C2)O)O,0
Docetaxel,CC1=C2[C@H](C(=O)[C@@]3([C@H](C[C@@H]4[C@]([C@H]3[C@@H]([C@@](C2(C)C)(C[C@@H]1OC(=O)[C@@H]([C@H](C5=CC=CC=C5)NC(=O)OC(C)(C)C)O)O)OC(=O)C6=CC=CC=C6)(CO4)OC(=O)C)O)C)O,0
Dolasetron mesilate,C1[C@@H]2CC(C[C@H]3N2CC(=O)C1C3)OC(=O)C4=CNC5=CC=CC=C54,0
Domperidone,C1CN(CCC1N2C3=C(C=C(C=C3)Cl)NC2=O)CCCN4C5=CC=CC=C5NC4=O,0
Dopamine hydrochloride,C1=CC(=C(C=C1CCN)O)O,0
Dorzolamide hydrochloride,CCN[C@H]1C[C@@H](S(=O)(=O)C2=C1C=C(S2)S(=O)(=O)N)C,0
Dosulepin hydrochloride,CN(C)CC/C=C/1\C2=CC=CC=C2CSC3=CC=CC=C31,0
Doxepin hydrochloride,CN(C)CC/C=C/1\C2=CC=CC=C2COC3=CC=CC=C31,0
Doxofylline,CN1C2=C(C(=O)N(C1=O)C)N(C=N2)CC3OCCO3,0
Doxylamine succinate,CC(C1=CC=CC=C1)(C2=CC=CC=N2)OCCN(C)C,0
Drofenine hydrochloride,CCN(CC)CCOC(=O)C(C1CCCCC1)C2=CC=CC=C2,0
Droperidol,C1CN(CC=C1N2C3=CC=CC=C3NC2=O)CCCC(=O)C4=CC=C(C=C4)F,0
"Dropropizine (R,S)",C1CN(CCN1CC(CO)O)C2=CC=CC=C2,0
Dyclonine hydrochloride,CCCCOC1=CC=C(C=C1)C(=O)CCN2CCCCC2,0
Dydrogesterone,CC(=O)[C@H]1CC[C@@H]2[C@@]1(CC[C@@H]3[C@H]2C=CC4=CC(=O)CC[C@@]34C)C,0
Edrophonium chloride,CC[N+](C)(C)C1=CC(=CC=C1)O,0
Emedastine,CCOCCN1C2=CC=CC=C2N=C1N3CCCN(CC3)C,0
Enalapril maleate,CCOC(=O)[C@H](CCC1=CC=CC=C1)N[C@@H](C)C(=O)N2CCC[C@H]2C(=O)O,0
Epiandrosterone,C[C@]12CC[C@@H](C[C@@H]1CC[C@@H]3[C@@H]2CC[C@]4([C@H]3CCC4=O)C)O,0
Epitiostanol,C[C@]12CC[C@H]3[C@H]([C@@H]1CC[C@@H]2O)CC[C@@H]4[C@@]3(C[C@@H]5[C@H](C4)S5)C,0
Equilin,C[C@]12CC[C@H]3C(=CCC4=C3C=CC(=C4)O)[C@@H]1CCC2=O,0
Escitalopram,CN(C)CCC[C@@]1(C2=C(CO1)C=C(C=C2)C#N)C3=CC=C(C=C3)F,0
Eserine hemisulfate salt,C[C@@]12CCN([C@@H]1N(C3=C2C=C(C=C3)OC(=O)NC)C)C,0
Esmolol hydrochloride,CC(C)NCC(COC1=CC=C(C=C1)CCC(=O)OC)O,0
Estradiol-17 beta,C[C@]12CC[C@H]3[C@H]([C@@H]1CC[C@@H]2O)CCC4=C3C=CC(=C4)O,0
Estriol,C[C@]12CC[C@H]3[C@H]([C@@H]1C[C@H]([C@@H]2O)O)CCC4=C3C=CC(=C4)O,0
Estrone,C[C@]12CC[C@H]3[C@H]([C@@H]1CCC2=O)CCC4=C3C=CC(=C4)O,0
Ethamivan,CCN(CC)C(=O)C1=CC(=C(C=C1)O)OC,0
Ethamsylate,C1=CC(=C(C=C1O)S(=O)(=O)O)O,0
Ethinylestradiol,C[C@]12CC[C@H]3[C@H]([C@@H]1CC[C@]2(C#C)O)CCC4=C3C=CC(=C4)O,0
Ethisterone,C[C@]12CCC(=O)C=C1CC[C@@H]3[C@@H]2CC[C@]4([C@H]3CC[C@]4(C#C)O)C,0
Ethosuximide,CCC1(CC(=O)NC1=O)C,0
Ethotoin,CCN1C(=O)C(NC1=O)C2=CC=CC=C2,0
Ethynodiol diacetate,CC(=O)O[C@H]1CC[C@@H]2[C@H]3CC[C@]4([C@H]([C@@H]3CCC2=C1)CC[C@]4(C#C)OC(=O)C)C,0
Ethynylestradiol 3-methyl ether,C[C@]12CC[C@H]3[C@H]([C@@H]1CC[C@]2(C#C)O)CCC4=C3C=CC(=C4)OC,0
"Etidronic acid, disodium salt",CC(O)(P(=O)(O)O)P(=O)(O)O,0
Etifenin,CCC1=C(C(=CC=C1)CC)NC(=O)CN(CC(=O)O)CC(=O)O,0
Etilefrine hydrochloride,CCNCC(C1=CC(=CC=C1)O)O,0
Etodolac,CCC1=CC=CC2=C1NC3=C2CCOC3(CC)CC(=O)O,0
Etofylline,CN1C2=C(C(=O)N(C1=O)C)N(C=N2)CCO,0
Etoricoxib,CC1=NC=C(C=C1)C2=NC=C(C=C2C3=CC=C(C=C3)S(=O)(=O)C)Cl,0
Exemestane,C[C@]12CC[C@H]3[C@H]([C@@H]1CCC2=O)CC(=C)C4=CC(=O)C=C[C@]34C,0
Felbinac,C1=CC=C(C=C1)C2=CC=C(C=C2)CC(=O)O,0
Fenipentol,CCCCC(C1=CC=CC=C1)O,0
Fenofibrate,CC(C)OC(=O)C(C)(C)OC1=CC=C(C=C1)C(=O)C2=CC=C(C=C2)Cl,0
Fenoprofen calcium salt dihydrate,CC(C1=CC(=CC=C1)OC2=CC=CC=C2)C(=O)O,0
Fenoterol hydrobromide,CC(CC1=CC=C(C=C1)O)NCC(C2=CC(=CC(=C2)O)O)O,0
Fenspiride hydrochloride,C1CN(CCC12CNC(=O)O2)CCC3=CC=CC=C3,0
Finasteride,C[C@]12CC[C@H]3[C@H]([C@@H]1CC[C@@H]2C(=O)NC(C)(C)C)CC[C@@H]4[C@@]3(C=CC(=O)N4)C,0
Fipexide hydrochloride,C1CN(CCN1CC2=CC3=C(C=C2)OCO3)C(=O)COC4=CC=C(C=C4)Cl,0
Flavoxate hydrochloride,CC1=C(OC2=C(C1=O)C=CC=C2C(=O)OCCN3CCCCC3)C4=CC=CC=C4,0
Flecainide acetate,C1CCNC(C1)CNC(=O)C2=C(C=CC(=C2)OCC(F)(F)F)OCC(F)(F)F,0
Fludrocortisone acetate,CC(=O)OCC(=O)C1(CCC2C1(CC(C3(C2CCC4=CC(=O)CCC43C)F)O)C)O,0
Flumethasone,C[C@@H]1C[C@H]2[C@@H]3C[C@@H](C4=CC(=O)C=C[C@@]4([C@]3([C@H](C[C@@]2([C@]1(C(=O)CO)O)C)O)F)C)F,0
Flunisolide,C[C@]12C[C@@H]([C@H]3[C@H]([C@@H]1C[C@@H]4[C@]2(OC(O4)(C)C)C(=O)CO)C[C@@H](C5=CC(=O)C=C[C@]35C)F)O,0
Fluocinolone acetonide,C[C@]12C[C@@H]([C@]3([C@H]([C@@H]1C[C@@H]4[C@]2(OC(O4)(C)C)C(=O)CO)C[C@@H](C5=CC(=O)C=C[C@@]53C)F)F)O,0
Fluocinonide,CC(=O)OCC(=O)[C@@]12[C@@H](C[C@@H]3[C@@]1(C[C@@H]([C@]4([C@H]3C[C@@H](C5=CC(=O)C=C[C@@]54C)F)F)O)C)OC(O2)(C)C,0
Fluoxetine hydrochloride,CNCCC(C1=CC=CC=C1)OC2=CC=C(C=C2)C(F)(F)F,0
Flurandrenolide,C[C@]12CCC(=O)C=C1[C@H](C[C@@H]3[C@@H]2[C@H](C[C@]4([C@H]3C[C@@H]5[C@]4(OC(O5)(C)C)C(=O)CO)C)O)F,0
Flurbiprofen,CC(C1=CC(=C(C=C1)C2=CC=CC=C2)F)C(=O)O,0
Flutamide,CC(C)C(=O)NC1=CC(=C(C=C1)[N+](=O)[O-])C(F)(F)F,0
Fluticasone propionate,CCC(=O)O[C@@]1([C@@H](C[C@@H]2[C@@]1(C[C@@H]([C@]3([C@H]2C[C@@H](C4=CC(=O)C=C[C@@]43C)F)F)O)C)C)C(=O)SCF,0
Fluvastatin sodium salt,CC(C)N1C2=CC=CC=C2C(=C1/C=C/C(CC(CC(=O)O)O)O)C3=CC=C(C=C3)F,0
Fluvoxamine maleate,COCCCC/C(=N\OCCN)/C1=CC=C(C=C1)C(F)(F)F,0
Folinic acid calcium salt,C1C(N(C2=C(N1)NC(=NC2=O)N)C=O)CNC3=CC=C(C=C3)C(=O)NC(CCC(=O)O)C(=O)O,0
Fomepizole,CC1=CNN=C1,0
Formestane,C[C@]12CCC(=O)C(=C1CC[C@@H]3[C@@H]2CC[C@]4([C@H]3CCC4=O)C)O,0
Formoterol fumarate,CC(CC1=CC=C(C=C1)OC)NCC(C2=CC(=C(C=C2)O)NC=O)O,0
Fosfosal,C1=CC=C(C(=C1)C(=O)O)OP(=O)(O)O,0
Fosinopril,CCC(=O)OC(C(C)C)OP(=O)(CCCCC1=CC=CC=C1)CC(=O)N2CC(CC2C(=O)O)C3CCCCC3,0
Fulvestrant,C[C@]12CC[C@H]3[C@H]([C@@H]1CC[C@@H]2O)[C@@H](CC4=C3C=CC(=C4)O)CCCCCCCCCS(=O)CCCC(C(F)(F)F)(F)F,0
Furosemide,C1=COC(=C1)CNC2=CC(=C(C=C2C(=O)O)S(=O)(=O)N)Cl,0
Gabapentin,C1CCC(CC1)(CC(=O)O)CN,0
Galanthamine hydrobromide,CN1CC[C@@]23C=C[C@@H](C[C@@H]2OC4=C(C=CC(=C34)C1)OC)O,0
Gallamine triethiodide,CC[N+](CC)(CC)CCOC1=C(C(=CC=C1)OCC[N+](CC)(CC)CC)OCC[N+](CC)(CC)CC,0
Gemfibrozil,CC1=CC(=C(C=C1)C)OCCCC(C)(C)C(=O)O,0
Gestrinone,CC[C@]12C=CC3=C4CCC(=O)C=C4CC[C@H]3[C@@H]1CC[C@]2(C#C)O,0
Glibenclamide,COC1=C(C=C(C=C1)Cl)C(=O)NCCC2=CC=C(C=C2)S(=O)(=O)NC(=O)NC3CCCCC3,0
Gliclazide,CC1=CC=C(C=C1)S(=O)(=O)NC(=O)NN2CC3CCCC3C2,0
Glimepiride,CCC1=C(CN(C1=O)C(=O)NCCC2=CC=C(C=C2)S(=O)(=O)NC(=O)NC3CCC(CC3)C)C,0
Glipizide,CC1=NC=C(N=C1)C(=O)NCCC2=CC=C(C=C2)S(=O)(=O)NC(=O)NC3CCCCC3,0
"Glutethimide, para-amino",CCC1(CCC(=O)NC1=O)C2=CC=C(C=C2)N,0
Glycopyrrolate,C[N+]1(CCC(C1)OC(=O)C(C2CCCC2)(C3=CC=CC=C3)O)C,0
Granisetron,CN1C2CCCC1CC(C2)NC(=O)C3=NN(C4=CC=CC=C43)C,0
Guaiacol,COC1=CC=CC=C1O,0
Guaifenesin,COC1=CC=CC=C1OCC(CO)O,0
Guanabenz acetate,C1=CC(=C(C(=C1)Cl)/C=N/N=C(N)N)Cl,0
Guanethidine sulfate,C1CCCN(CCC1)CCN=C(N)N,0
Guanfacine hydrochloride,C1=CC(=C(C(=C1)Cl)CC(=O)N=C(N)N)Cl,0
Halcinonide,C[C@]12CCC(=O)C=C1CC[C@@H]3[C@@]2([C@H](C[C@]4([C@H]3C[C@@H]5[C@]4(OC(O5)(C)C)C(=O)CCl)C)O)F,0
Heptaminol hydrochloride,CC(CCCC(C)(C)O)N,0
Hexylcaine hydrochloride,CC(CNC1CCCCC1)OC(=O)C2=CC=CC=C2,0
"Homatropine hydrobromide (R,S)",CN1[C@@H]2CC[C@H]1CC(C2)OC(=O)C(C3=CC=CC=C3)O,0
Homochlorcyclizine dihydrochloride,CN1CCCN(CC1)C(C2=CC=CC=C2)C3=CC=C(C=C3)Cl,0
Hydralazine hydrochloride,C1=CC=C2C(=C1)C=NN=C2NN,0
Hydrochlorothiazide,C1NC2=CC(=C(C=C2S(=O)(=O)N1)S(=O)(=O)N)Cl,0
Hydroflumethiazide,C1NC2=C(C=C(C(=C2)C(F)(F)F)S(=O)(=O)N)S(=O)(=O)N1,0
"Hydroxytacrine maleate (R,S)",C1CC(C2=C(C3=CC=CC=C3N=C2C1)N)O.C(=C\C(=O)O)\C(=O)O,0
Hydroxyzine dihydrochloride,C1CN(CCN1CCOCCO)C(C2=CC=CC=C2)C3=CC=C(C=C3)Cl,0
Hymecromone,CC1=CC(=O)OC2=C1C=CC(=C2)O,0
Hyoscyamine (L),CN1[C@@H]2CC[C@H]1CC(C2)OC(=O)[C@H](CO)C3=CC=CC=C3,0
Ibandronate sodium,CCCCCN(C)CCC(O)(P(=O)(O)O)P(=O)(O)O,0
Ibudilast,CC(C)C1=NN2C=CC=CC2=C1C(=O)C(C)C,0
Ifenprodil tartrate,CC(C(C1=CC=C(C=C1)O)O)N2CCC(CC2)CC3=CC=CC=C3,0
Ifosfamide,C1CN(P(=O)(OC1)NCCCl)CCCl,0
Imatinib,CC1=C(C=C(C=C1)NC(=O)C2=CC=C(C=C2)CN3CCN(CC3)C)NC4=NC=CC(=N4)C5=CN=CC=C5,0
Imipramine hydrochloride,CN(C)CCCN1C2=CC=CC=C2CCC3=CC=CC=C31,0
Indapamide,CC1CC2=CC=CC=C2N1NC(=O)C3=CC(=C(C=C3)Cl)S(=O)(=O)N,0
Indomethacin,CC1=C(C2=C(N1C(=O)C3=CC=C(C=C3)Cl)C=CC(=C2)OC)CC(=O)O,0
Indoprofen,CC(C1=CC=C(C=C1)N2CC3=CC=CC=C3C2=O)C(=O)O,0
Iobenguane sulfate,C1=CC(=CC(=C1)I)CN=C(N)N,0
Iodipamide,C1=C(C(=C(C(=C1I)NC(=O)CCCCC(=O)NC2=C(C=C(C(=C2I)C(=O)O)I)I)I)C(=O)O)I,0
Iodixanol,CC(=O)N(CC(CN(C1=C(C(=C(C(=C1I)C(=O)NCC(CO)O)I)C(=O)NCC(CO)O)I)C(=O)C)O)C2=C(C(=C(C(=C2I)C(=O)NCC(CO)O)I)C(=O)NCC(CO)O)I,0
Iopamidol,C[C@@H](C(=O)NC1=C(C(=C(C(=C1I)C(=O)NC(CO)CO)I)C(=O)NC(CO)CO)I)O,0
Iopromide,CN(CC(CO)O)C(=O)C1=C(C(=C(C(=C1I)C(=O)NCC(CO)O)I)NC(=O)COC)I,0
Ioversol,C(CO)N(C1=C(C(=C(C(=C1I)C(=O)NCC(CO)O)I)C(=O)NCC(CO)O)I)C(=O)CO,0
Ioxaglic acid,CC(=O)N(C)C1=C(C(=C(C(=C1I)C(=O)NCC(=O)NC2=C(C(=C(C(=C2I)C(=O)O)I)C(=O)NCCO)I)I)C(=O)NC)I,0
Iproniazide phosphate,CC(C)NNC(=O)C1=CC=NC=C1,0
Irinotecan hydrochloride trihydrate,CCC1=C2C=C(C=CC2=NC3=C1CN4C3=CC5=C(C4=O)COC(=O)[C@@]5(CC)O)OC(=O)N6CCC(CC6)N7CCCCC7,0
Irsogladine maleate,C1=CC(=C(C=C1Cl)C2=NC(=NC(=N2)N)N)Cl.C(=C\C(=O)O)\C(=O)O,0
Isocarboxazid,CC1=CC(=NO1)C(=O)NNCC2=CC=CC=C2,0
Isoetharine mesylate salt,CCC(C(C1=CC(=C(C=C1)O)O)O)NC(C)C,0
Isometheptene mucate,CNC(C)CCC=C(C)C.CNC(C)CCC=C(C)C.[H][C@](O)(C(O)=O)[C@@]([H])(O)[C@@]([H])(O)[C@]([H])(O)C(O)=O,0
Isopropamide iodide,CC(C)[N+](C)(CCC(C1=CC=CC=C1)(C2=CC=CC=C2)C(=O)N)C(C)C,0
Isosorbide mononitrate,C1[C@@H]([C@@H]2[C@H](O1)[C@@H](CO2)O[N+](=O)[O-])O,0
Isotretinoin,CC1=C(C(CCC1)(C)C)/C=C/C(=C/C=C/C(=C\C(=O)O)/C)/C,0
Isoxicam,CC1=CC(=NO1)NC(=O)C2=C(C3=CC=CC=C3S(=O)(=O)N2C)O,0
Isoxsuprine hydrochloride,CC(COC1=CC=CC=C1)NC(C)C(C2=CC=C(C=C2)O)O,0
Isradipine,CC1=C(C(C(=C(N1)C)C(=O)OC(C)C)C2=CC=CC3=NON=C32)C(=O)OC,0
Itopride,CN(C)CCOC1=CC=C(C=C1)CNC(=O)C2=CC(=C(C=C2)OC)OC,0
Ketanserin tartrate hydrate,C1CN(CCC1C(=O)C2=CC=C(C=C2)F)CCN3C(=O)C4=CC=CC=C4NC3=O,0
Ketoprofen,CC(C1=CC=CC(=C1)C(=O)C2=CC=CC=C2)C(=O)O,0
Ketorolac tromethamine,C1CN2C(=CC=C2C(=O)C3=CC=CC=C3)C1C(=O)O,0
Ketotifen fumarate,CN1CCC(=C2C3=C(C(=O)CC4=CC=CC=C42)SC=C3)CC1,0
Labetalol hydrochloride,CC(CCC1=CC=CC=C1)NCC(C2=CC(=C(C=C2)O)C(=O)N)O,0
Lamotrigine,C1=CC(=C(C(=C1)Cl)Cl)C2=C(N=C(N=N2)N)N,0
Lanatoside C,CC1C(C(CC(O1)OC2CCC3(C(C2)CCC4C3CC(C5(C4(CCC5C6=CC(=O)OC6)O)C)O)C)O)OC7CC(C(C(O7)C)OC8CC(C(C(O8)C)OC9C(C(C(C(O9)CO)O)O)O)OC(=O)C)O,0
Letrozole,C1=CC(=CC=C1C#N)C(C2=CC=C(C=C2)C#N)N3C=NC=N3,0
Levalbuterol hydrochloride,CC(C)(C)NC[C@@H](C1=CC(=C(C=C1)O)CO)O,0
Levetiracetam,CC[C@@H](C(=O)N)N1CCCC1=O,0
Levocabastine hydrochloride,C[C@@H]1CN(CC[C@@]1(C2=CC=CC=C2)C(=O)O)C3CCC(CC3)(C#N)C4=CC=C(C=C4)F,0
Levodopa,C1=CC(=C(C=C1C[C@@H](C(=O)O)N)O)O,0
Levonordefrin,C[C@@H]([C@@H](C1=CC(=C(C=C1)O)O)O)N,0
Lidocaine hydrochloride,CCN(CC)CC(=O)NC1=C(C=CC=C1C)C,0
Liothyronine,C1=CC(=C(C=C1OC2=C(C=C(C=C2I)C[C@@H](C(=O)O)N)I)I)O,0
Lisinopril,C1C[C@H](N(C1)C(=O)[C@H](CCCCN)N[C@@H](CCC2=CC=CC=C2)C(=O)O)C(=O)O,0
Lofexidine,CC(C1=NCCN1)OC2=C(C=CC=C2Cl)Cl,0
Losartan,CCCCC1=NC(=C(N1CC2=CC=C(C=C2)C3=CC=CC=C3C4=NNN=N4)CO)Cl,0
Lovastatin,CC[C@H](C)C(=O)O[C@H]1C[C@H](C=C2[C@H]1[C@H]([C@H](C=C2)C)CC[C@@H]3C[C@H](CC(=O)O3)O)C,0
Maprotiline hydrochloride,CNCCCC12CCC(C3=CC=CC=C31)C4=CC=CC=C24,0
Mebeverine hydrochloride,CCN(CCCCOC(=O)C1=CC(=C(C=C1)OC)OC)C(C)CC2=CC=C(C=C2)OC,0
Mecamylamine hydrochloride,CC1(C2CCC(C2)C1(C)NC)C,0
Meclofenoxate hydrochloride,CN(C)CCOC(=O)COC1=CC=C(C=C1)Cl,0
Medrysone,C[C@H]1C[C@H]2[C@@H]3CC[C@@H]([C@]3(C[C@@H]([C@@H]2[C@@]4(C1=CC(=O)CC4)C)O)C)C(=O)C,0
Mefenamic acid,CC1=C(C(=CC=C1)NC2=CC=CC=C2C(=O)O)C,0
Mefexamide hydrochloride,CCN(CC)CCNC(=O)COC1=CC=C(C=C1)OC,0
Megestrol acetate,CC1=C[C@@H]2[C@H](CC[C@]3([C@H]2CC[C@@]3(C(=O)C)OC(=O)C)C)[C@@]4(C1=CC(=O)CC4)C,0
Melatonin,CC(=O)NCCC1=CNC2=C1C=C(C=C2)OC,0
Meloxicam,CC1=CN=C(S1)NC(=O)C2=C(C3=CC=CC=C3S(=O)(=O)N2C)O,0
Memantine Hydrochloride,CC12CC3CC(C1)(CC(C3)(C2)N)C,0
Mepenzolate bromide,C[N+]1(CCCC(C1)OC(=O)C(C2=CC=CC=C2)(C3=CC=CC=C3)O)C,0
Mephenesin,CC1=CC=CC=C1OCC(CO)O,0
Mephentermine hemisulfate,CC(C)(CC1=CC=CC=C1)NC,0
Mephenytoin,CCC1(C(=O)N(C(=O)N1)C)C2=CC=CC=C2,0
Mepivacaine hydrochloride,CC1=C(C(=CC=C1)C)NC(=O)C2CCCCN2C,0
Meprylcaine hydrochloride,CCCNC(C)(C)COC(=O)C1=CC=CC=C1,0
Meptazinol hydrochloride,CCC1(CCCCN(C1)C)C2=CC(=CC=C2)O,0
Mesalamine,C1=CC(=C(C=C1N)C(=O)O)O,0
Mesna,C(CS(=O)(=O)O)S,0
"Metaproterenol sulfate, orciprenaline sulfate",CC(C)NCC(C1=CC(=CC(=C1)O)O)O,0
Metaraminol bitartrate,CC(C(C1=CC(=CC=C1)O)O)N.C(C(C(=O)O)O)(C(=O)O)O,0
Metformin hydrochloride,CN(C)C(=N)N=C(N)N,0
Methacholine chloride,CC(C[N+](C)(C)C)OC(=O)C,0
Methapyrilene hydrochloride,CN(C)CCN(CC1=CC=CS1)C2=CC=CC=N2,0
Methazolamide,CC(=O)N=C1N(N=C(S1)S(=O)(=O)N)C,0
Methimazole,CN1C=CNC1=S,0
Methocarbamol,COC1=CC=CC=C1OCC(COC(=O)N)O,0
Methoxamine hydrochloride,CC(C(C1=C(C=CC(=C1)OC)OC)O)N,0
Methylatropine nitrate,C[N+]1(C2CCC1CC(C2)OC(=O)C(CO)C3=CC=CC=C3)C,0
"Methyldopa (L,-)",C[C@](CC1=CC(=C(C=C1)O)O)(C(=O)O)N,0
Methyldopate hydrochloride,CCOC(=O)[C@](C)(CC1=CC(=C(C=C1)O)O)N,0
Methylergometrine maleate,CC[C@@H](CO)NC(=O)[C@H]1CN([C@@H]2CC3=CNC4=CC=CC(=C34)C2=C1)C,0
"Methylprednisolone, 6-alpha",C[C@H]1C[C@H]2[C@@H]3CC[C@@]([C@]3(C[C@@H]([C@@H]2[C@@]4(C1=CC(=O)C=C4)C)O)C)(C(=O)CO)O,0
Meticrane,CC1=C(C=C2C(=C1)CCCS2(=O)=O)S(=O)(=O)N,0
Metoclopramide monohydrochloride,CCN(CC)CCNC(=O)C1=CC(=C(C=C1OC)N)Cl,0
Metolazone,CC1NC2=CC(=C(C=C2C(=O)N1C3=CC=CC=C3C)S(=O)(=O)N)Cl,0
"Metoprolol-(+,-) (+)-tartrate salt",CC(C)NCC(COC1=CC=C(C=C1)CCOC)O.CC(C)NCC(COC1=CC=C(C=C1)CCOC)O.C(C(C(=O)O)O)(C(=O)O)O,0
Metrizamide,CC(=O)NC1=C(C(=C(C(=C1I)C(=O)NC2C(C(C(OC2O)CO)O)O)I)N(C)C(=O)C)I,0
Metyrapone,CC(C)(C1=CN=CC=C1)C(=O)C2=CN=CC=C2,0
Mevastatin,CC[C@H](C)C(=O)O[C@H]1CCC=C2[C@H]1[C@H]([C@H](C=C2)C)CC[C@@H]3C[C@H](CC(=O)O3)O,0
Mexiletine hydrochloride,CC1=C(C(=CC=C1)C)OCC(C)N,0
Mianserine hydrochloride,CN1CCN2C(C1)C3=CC=CC=C3CC4=CC=CC=C42,0
Midodrine hydrochloride,COC1=CC(=C(C=C1)OC)C(CNC(=O)CN)O,0
Miglitol,C1[C@@H]([C@H]([C@@H]([C@H](N1CCO)CO)O)O)O,0
Milrinone,CC1=C(C=C(C(=O)N1)C#N)C2=CC=NC=C2,0
Minaprine dihydrochloride,CC1=CC(=NN=C1NCCN2CCOCC2)C3=CC=CC=C3,0
Minoxidil,C1CCN(CC1)C2=NC(=N)N(C(=C2)N)O,0
Mirtazapine,CN1CCN2C(C1)C3=CC=CC=C3CC4=C2N=CC=C4,0
Misoprostol,CCCCC(C)(C/C=C/[C@H]1[C@@H](CC(=O)[C@@H]1CCCCCCC(=O)OC)O)O,0
Mizolastine,CN(C1CCN(CC1)C2=NC3=CC=CC=C3N2CC4=CC=C(C=C4)F)C5=NC=CC(=O)N5,0
Moclobemide,C1COCCN1CCNC(=O)C2=CC=C(C=C2)Cl,0
Modafinil,C1=CC=C(C=C1)C(C2=CC=CC=C2)S(=O)CC(=O)N,0
Molindone hydrochloride,CCC1=C(NC2=C1C(=O)C(CC2)CN3CCOCC3)C,0
Molsidomine,CCOC(=O)NC1=C[N+](=NO1)N2CCOCC2,0
Monobenzone,C1=CC=C(C=C1)COC2=CC=C(C=C2)O,0
Moxisylyte hydrochoride,CC1=CC(=C(C=C1OC(=O)C)C(C)C)OCCN(C)C,0
Moxonidine,CC1=NC(=C(C(=N1)Cl)NC2=NCCN2)OC,0
Nabumetone,CC(=O)CCC1=CC2=C(C=C1)C=C(C=C2)OC,0
N-Acetyl-DL-homocysteine Thiolactone,CC(=O)NC1CCSC1=O,0
N-Acetyl-L-leucine,CC(C)C[C@@H](C(=O)O)NC(=O)C,0
Nadolol,CC(C)(C)NCC(COC1=CC=CC2=C1C[C@@H]([C@@H](C2)O)O)O,0
Nafronyl oxalate,CCN(CC)CCOC(=O)C(CC1CCCO1)CC2=CC=CC3=CC=CC=C32,0
Nalbuphine hydrochloride,C1CC(C1)CN2CC[C@]34[C@@H]5[C@H](CC[C@]3([C@H]2CC6=C4C(=C(C=C6)O)O5)O)O,0
Nalmefene hydrochloride,C=C1CC[C@]2([C@H]3CC4=C5[C@]2([C@H]1OC5=C(C=C4)O)CCN3CC6CC6)O,0
Naloxone hydrochloride,C=CCN1CC[C@]23[C@@H]4C(=O)CC[C@]2([C@H]1CC5=C3C(=C(C=C5)O)O4)O,0
Naltrexone hydrochloride dihydrate,C1CC1CN2CC[C@]34[C@@H]5C(=O)CC[C@]3([C@H]2CC6=C4C(=C(C=C6)O)O5)O,0
Nandrolone,C[C@]12CC[C@H]3[C@H]([C@@H]1CC[C@@H]2O)CCC4=CC(=O)CC[C@H]34,0
Naphazoline hydrochloride,C1CN=C(N1)CC2=CC=CC3=CC=CC=C32,0
Naproxen,C[C@@H](C1=CC2=C(C=C1)C=C(C=C2)OC)C(=O)O,0
Nefopam hydrochloride,CN1CCOC(C2=CC=CC=C2C1)C3=CC=CC=C3,0
Neostigmine bromide,CN(C)C(=O)OC1=CC=CC(=C1)[N+](C)(C)C,0
Niacin,C1=CC(=CN=C1)C(=O)O,0
Nialamide,C1=CC=C(C=C1)CNC(=O)CCNNC(=O)C2=CC=NC=C2,0
Nicergoline,CN1C[C@@H](C[C@]2([C@H]1CC3=CN(C4=CC=CC2=C34)C)OC)COC(=O)C5=CC(=CN=C5)Br,0
Nicotinamide,C1=CC(=CN=C1)C(=O)N,0
Nifedipine,CC1=C(C(C(=C(N1)C)C(=O)OC)C2=CC=CC=C2[N+](=O)[O-])C(=O)OC,0
Nifenazone,CC1=C(C(=O)N(N1C)C2=CC=CC=C2)NC(=O)C3=CN=CC=C3,0
Niflumic acid,C1=CC(=CC(=C1)NC2=C(C=CC=N2)C(=O)O)C(F)(F)F,0
Nilvadipine,CC1=C(C(C(=C(N1)C#N)C(=O)OC)C2=CC(=CC=C2)[N+](=O)[O-])C(=O)OC(C)C,0
Nisoldipine,CC1=C(C(C(=C(N1)C)C(=O)OCC(C)C)C2=CC=CC=C2[N+](=O)[O-])C(=O)OC,0
Nitrendipine,CCOC(=O)C1=C(NC(=C(C1C2=CC(=CC=C2)[N+](=O)[O-])C(=O)OC)C)C,0
Nizatidine,CN/C(=C\[N+](=O)[O-])/NCCSCC1=CSC(=N1)CN(C)C,0
Nocodazole,COC(=O)NC1=NC2=C(N1)C=C(C=C2)C(=O)C3=CC=CS3,0
Nomegestrol acetate,CC1=C[C@@H]2[C@H](CC[C@]3([C@H]2CC[C@@]3(C(=O)C)OC(=O)C)C)[C@@H]4C1=CC(=O)CC4,0
Nomifensine maleate,CN1CC(C2=CC=CC=C2)C2=C(C1)C(N)=CC=C2,0
Norethindrone,C[C@]12CC[C@H]3[C@H]([C@@H]1CC[C@]2(C#C)O)CCC4=CC(=O)CC[C@H]34,0
Norethynodrel,C[C@]12CC[C@H]3[C@H]([C@@H]1CC[C@]2(C#C)O)CCC4=C3CCC(=O)C4,0
Norgestrel-(-)-D,CC[C@]12CC[C@H]3[C@H]([C@@H]1CC[C@]2(C#C)O)CCC4=CC(=O)CC[C@H]34,0
Nortriptyline hydrochloride,CNCCC=C1C2=CC=CC=C2CCC3=CC=CC=C31,0
Nylidrin,CC(CCC1=CC=CC=C1)NC(C)C(C2=CC=C(C=C2)O)O,0
Olanzapine,CC1=CC2=C(NC3=CC=CC=C3N=C2S1)N4CCN(CC4)C,0
Olmesartan,CCCC1=NC(=C(N1CC2=CC=C(C=C2)C3=CC=CC=C3C4=NNN=N4)C(=O)O)C(C)(C)O,0
Olopatadine hydrochloride,CN(C)CC/C=C\1/C2=CC=CC=C2COC3=C1C=C(C=C3)CC(=O)O,0
Ondansetron Hydrochloride,CC1=NC=CN1CC2CCC3=C(C2=O)C4=CC=CC=C4N3C,0
Opipramol dihydrochloride,C1CN(CCN1CCCN2C3=CC=CC=C3C=CC4=CC=CC=C42)CCO,0
Orphenadrine hydrochloride,CC1=CC=CC=C1C(C2=CC=CC=C2)OCCN(C)C,0
Oxalamine citrate salt,CCN(CC)CCC1=NC(=NO1)C2=CC=CC=C2.C(C(=O)O)C(CC(=O)O)(C(=O)O)O,0
Oxandrolone,C[C@]12CC[C@H]3[C@H]([C@@H]1CC[C@]2(C)O)CC[C@@H]4[C@@]3(COC(=O)C4)C,0
Oxcarbazepine,C1C2=CC=CC=C2N(C3=CC=CC=C3C1=O)C(=O)N,0
Oxprenolol hydrochloride,CC(C)NCC(COC1=CC=CC=C1OCC=C)O,0
Oxybutynin chloride,CCN(CC)CC#CCOC(=O)C(C1CCCCC1)(C2=CC=CC=C2)O,0
Oxymetazoline hydrochloride,CC1=CC(=C(C(=C1CC2=NCCN2)C)O)C(C)(C)C,0
Oxyphenbutazone,CCCCC1C(=O)N(N(C1=O)C2=CC=C(C=C2)O)C3=CC=CC=C3,0
Ozagrel hydrochloride,C1=CC(=CC=C1CN2C=CN=C2)/C=C/C(=O)O,0
Pancuronium bromide,CC(=O)O[C@H]1C[C@@H]2CC[C@@H]3[C@@H]([C@]2(C[C@@H]1[N+]4(CCCCC4)C)C)CC[C@]5([C@H]3C[C@@H]([C@@H]5OC(=O)C)[N+]6(CCCCC6)C)C,0
Panthenol (D),CC(C)(CO)[C@H](C(=O)NCCCO)O,0
Papaverine hydrochloride,COC1=C(C=C(C=C1)CC2=NC=CC3=CC(=C(C=C32)OC)OC)OC,0
Pargyline hydrochloride,CN(CC#C)CC1=CC=CC=C1,0
Paroxetine Hydrochloride,C1CNC[C@H]([C@@H]1C2=CC=C(C=C2)F)COC3=CC4=C(C=C3)OCO4,0
Pempidine tartrate,CC1(CCCC(N1C)(C)C)C.[C@@H]([C@H](C(=O)O)O)(C(=O)O)O,0
Penbutolol sulfate,CC(C)(C)NC[C@@H](COC1=CC=CC=C1C2CCCC2)O,0
Penicillamine,CC(C)([C@H](C(=O)O)N)S,0
Pentobarbital,CCCC(C)C1(C(=O)NC(=O)NC1=O)CC,0
Pentolinium bitartrate,C[N+]1(CCCC1)CCCCC[N+]2(CCCC2)C.C(C(C(=O)[O-])O)(C(=O)O)O.C(C(C(=O)[O-])O)(C(=O)O)O,0
Pentoxifylline,CC(=O)CCCCN1C(=O)C2=C(N=CN2C)N(C1=O)C,0
Pentylenetetrazole,C1CCC2=NN=NN2CC1,0
Pergolide mesylate,CCCN1C[C@@H](C[C@H]2[C@H]1CC3=CNC4=CC=CC2=C34)CSC,0
Perindopril,CCC[C@@H](C(=O)OCC)N[C@@H](C)C(=O)N1[C@H]2CCCC[C@H]2C[C@H]1C(=O)O,0
Phenacetin,CCOC1=CC=C(C=C1)NC(=O)C,0
Phenazopyridine hydrochloride,C1=CC=C(C=C1)N=NC2=C(N=C(C=C2)N)N,0
Phenelzine sulfate,C1=CC=C(C=C1)CCNN.OS(=O)(=O)O,0
Phenformin hydrochloride,C1=CC=C(C=C1)CCN=C(N)N=C(N)N,0
Pheniramine maleate,CN(C)CCC(C1=CC=CC=C1)C2=CC=CC=N2.C(=C\C(=O)O)\C(=O)O,0
Phenoxybenzamine hydrochloride,CC(COC1=CC=CC=C1)N(CCCl)CC2=CC=CC=C2,0
Phensuximide,CN1C(=O)CC(C1=O)C2=CC=CC=C2,0
Phentermine hydrochloride,CC(C)(CC1=CC=CC=C1)N,0
Phentolamine hydrochloride,CC1=CC=C(C=C1)N(CC2=NCCN2)C3=CC(=CC=C3)O,0
Phenylbutazone,CCCCC1C(=O)N(N(C1=O)C2=CC=CC=C2)C3=CC=CC=C3,0
Phenylpropanolamine hydrochloride,CC(C(C1=CC=CC=C1)O)N,0
Picotamide monohydrate,COC1=C(C=C(C=C1)C(=O)NCC2=CN=CC=C2)C(=O)NCC3=CN=CC=C3,0
Pilocarpine nitrate,CC[C@H]1[C@H](COC1=O)CC2=CN=CN2C,0
Pinacidil,CC(C(C)(C)C)N=C(NC#N)NC1=CC=NC=C1,0
Pindolol,CC(C)NCC(COC1=CC=CC2=C1C=CN2)O,0
Pipenzolate bromide,CC[N+]1(CCCC(C1)OC(=O)C(C2=CC=CC=C2)(C3=CC=CC=C3)O)C,0
Piperidolate hydrochloride,CCN1CCCC(C1)OC(=O)C(C2=CC=CC=C2)C3=CC=CC=C3,0
Piracetam,C1CC(=O)N(C1)CC(=O)N,0
Pirenzepine dihydrochloride,CN1CCN(CC1)CC(=O)N2C3=CC=CC=C3C(=O)NC4=C2N=CC=C4,0
Piretanide,C1CCN(C1)C2=C(C(=CC(=C2)C(=O)O)S(=O)(=O)N)OC3=CC=CC=C3,0
Piribedil hydrochloride,C1CN(CCN1CC2=CC3=C(C=C2)OCO3)C4=NC=CC=N4,0
Pirlindole mesylate,CC1=CC2=C(C=C1)N3CCNC4C3=C2CCC4,0
Piroxicam,CN1C(=C(C2=CC=CC=C2S1(=O)=O)O)C(=O)NC3=CC=CC=N3,0
Practolol,CC(C)NCC(COC1=CC=C(C=C1)NC(=O)C)O,0
Pralidoxime chloride,CN1C=CC=CC1=CN=O,0
Pramipexole,CCCN[C@H]1CCC2=C(C1)SC(=N2)N,0
Pramoxine hydrochloride,CCCCOC1=CC=C(C=C1)OCCCN2CCOCC2,0
Pranoprofen,CC(C1=CC2=C(C=C1)OC3=C(C2)C=CC=N3)C(=O)O,0
Pravastatin,CC[C@H](C)C(=O)O[C@H]1C[C@@H](C=C2[C@H]1[C@H]([C@H](C=C2)C)CC[C@H](C[C@H](CC(=O)O)O)O)O,0
Prazosin hydrochloride,COC1=C(C=C2C(=C1)C(=NC(=N2)N3CCN(CC3)C(=O)C4=CC=CO4)N)OC,0
Prednicarbate,CCC(=O)OCC(=O)[C@]1(CC[C@@H]2[C@@]1(C[C@@H]([C@H]3[C@H]2CCC4=CC(=O)C=C[C@]34C)O)C)OC(=O)OCC,0
Prednisolone,C[C@]12C[C@@H]([C@H]3[C@H]([C@@H]1CC[C@@]2(C(=O)CO)O)CCC4=CC(=O)C=C[C@]34C)O,0
Prednisone,C[C@]12CC(=O)[C@H]3[C@H]([C@@H]1CC[C@@]2(C(=O)CO)O)CCC4=CC(=O)C=C[C@]34C,0
Primidone,CCC1(C(=O)NCNC1=O)C2=CC=CC=C2,0
Probenecid,CCCN(CCC)S(=O)(=O)C1=CC=C(C=C1)C(=O)O,0
Probucol,CC(C)(C)C1=CC(=CC(=C1O)C(C)(C)C)SC(C)(C)SC2=CC(=C(C(=C2)C(C)(C)C)O)C(C)(C)C,0
Procainamide hydrochloride,CCN(CC)CCNC(=O)C1=CC=C(C=C1)N,0
Procaine hydrochloride,CCN(CC)CCOC(=O)C1=CC=C(C=C1)N,0
Procarbazine hydrochloride,CC(C)NC(=O)C1=CC=C(C=C1)CNNC,0
Procyclidine hydrochloride,C1CCC(CC1)C(CCN2CCCC2)(C3=CC=CC=C3)O,0
Progesterone,CC(=O)[C@H]1CC[C@@H]2[C@@]1(CC[C@H]3[C@H]2CCC4=CC(=O)CC[C@]34C)C,0
Proglumide,CCCN(CCC)C(=O)C(CCC(=O)O)NC(=O)C1=CC=CC=C1,0
Propafenone hydrochloride,CCCNCC(COC1=CC=CC=C1C(=O)CCC2=CC=CC=C2)O,0
Propantheline bromide,CC(C)[N+](C)(CCOC(=O)C1C2=CC=CC=C2OC3=CC=CC=C13)C(C)C,0
Proparacaine hydrochloride,CCCOC1=C(C=C(C=C1)C(=O)OCCN(CC)CC)N,0
Propofol,CC(C)C1=C(C(=CC=C1)C(C)C)O,0
Propoxycaine hydrochloride,CCCOC1=C(C=CC(=C1)N)C(=O)OCCN(CC)CC,0
Propylthiouracil,CCCC1=CC(=O)NC(=S)N1,0
Proscillaridin A,CC1C(C(C(C(O1)OC2CCC3(C4CCC5(C(CCC5(C4CCC3=C2)O)C6=COC(=O)C=C6)C)C)O)O)O,0
Pyridostigmine iodide,C[N+]1=CC=CC(=C1)OC(=O)N(C)C,0
Pyridoxine hydrochloride,CC1=NC=C(C(=C1O)CO)CO,0
Pyrilamine maleate,CN(C)CCN(CC1=CC=C(C=C1)OC)C2=CC=CC=N2,0
Pyrithyldione,CCC1(C(=O)C=CNC1=O)CC,0
Quinapril HCl,CCOC(=O)[C@H](CCC1=CC=CC=C1)N[C@@H](C)C(=O)N2CC3=CC=CC=C3C[C@H]2C(=O)O,0
Quinethazone,CCC1NC2=CC(=C(C=C2C(=O)N1)S(=O)(=O)N)Cl,0
Racecadotril,CC(=O)SCC(CC1=CC=CC=C1)C(=O)NCC(=O)OCC2=CC=CC=C2,0
Ramipril,CCOC(=O)[C@H](CCC1=CC=CC=C1)N[C@@H](C)C(=O)N2[C@H]3CCC[C@H]3C[C@H]2C(=O)O,0
Ranitidine hydrochloride,CNC(=C[N+](=O)[O-])NCCSCC1=CC=C(O1)CN(C)C,0
Ranolazine,CC1=C(C(=CC=C1)C)NC(=O)CN2CCN(CC2)CC(COC3=CC=CC=C3OC)O,0
Rebamipide,C1=CC=C2C(=C1)C(=CC(=O)N2)CC(C(=O)O)NC(=O)C3=CC=C(C=C3)Cl,0
Reboxetine mesylate,CCOC1=CC=CC=C1O[C@@H]([C@H]2CNCCO2)C3=CC=CC=C3,0
Remoxipride Hydrochloride,CCN1CCC[C@H]1CNC(=O)C2=C(C=CC(=C2OC)Br)OC,0
Repaglinide,CCOC1=C(C=CC(=C1)CC(=O)N[C@@H](CC(C)C)C2=CC=CC=C2N3CCCCC3)C(=O)O,0
Retinoic acid,CC1=C(C(CCC1)(C)C)/C=C/C(=C/C=C/C(=C/C(=O)O)/C)/C,0
Rimexolone,CCC(=O)[C@]1([C@@H](C[C@@H]2[C@@]1(C[C@@H]([C@H]3[C@H]2CCC4=CC(=O)C=C[C@]34C)O)C)C)C,0
Risperidone,CC1=C(C(=O)N2CCCCC2=N1)CCN3CCC(CC3)C4=NOC5=C4C=CC(=C5)F,0
Ritodrine hydrochloride,CC(C(C1=CC=C(C=C1)O)O)NCCC2=CC=C(C=C2)O,0
Rivastigmine,CCN(C)C(=O)OC1=CC=CC(=C1)[C@H](C)N(C)C,0
Rofecoxib,CS(=O)(=O)C1=CC=C(C=C1)C2=C(C(=O)OC2)C3=CC=CC=C3,0
Ropinirole HCl,CCCN(CCC)CCC1=C2CC(=O)NC2=CC=C1,0
Rosiglitazone Hydrochloride,CN(CCOC1=CC=C(C=C1)CC2C(=O)NC(=O)S2)C3=CC=CC=N3,0
Roxatidine Acetate HCl,CC(=O)OCC(=O)NCCCOC1=CC=CC(=C1)CN2CCCCC2,0
S-(+)-ibuprofen,C[C@@H](C1=CC=C(C=C1)CC(C)C)C(=O)O,0
Salbutamol,CC(C)(C)NCC(C1=CC(=C(C=C1)O)CO)O,0
Scopolamine hydrochloride,CN1[C@@H]2CC(C[C@H]1[C@H]3[C@@H]2O3)OC(=O)[C@H](CO)C4=CC=CC=C4,0
Scopolamin-N-oxide hydrobromide,C[N+]1([C@@H]2CC(C[C@H]1[C@H]3[C@@H]2O3)OC(=O)[C@H](CO)C4=CC=CC=C4)[O-],0
Selegiline hydrochloride,C[C@H](CC1=CC=CC=C1)N(C)CC#C,0
Sibutramine HCl,CC(C)CC(C1(CCC1)C2=CC=C(C=C2)Cl)N(C)C,0
Sildenafil,CCCC1=NN(C2=C1NC(=NC2=O)C3=C(C=CC(=C3)S(=O)(=O)N4CCN(CC4)C)OCC)C,0
Sotalol hydrochloride,CC(C)NCC(C1=CC=C(C=C1)NS(=O)(=O)C)O,0
Spaglumic acid,CC(=O)NC(CC(=O)O)C(=O)NC(CCC(=O)O)C(=O)O,0
Spironolactone,CC(=O)S[C@@H]1CC2=CC(=O)CC[C@@]2([C@@H]3[C@@H]1[C@@H]4CC[C@]5([C@]4(CC3)C)CCC(=O)O5)C,0
Sulfasalazine,C1=CC=NC(=C1)NS(=O)(=O)C2=CC=C(C=C2)NN=C3C=CC(=O)C(=C3)C(=O)O,0
Sulfinpyrazone,C1=CC=C(C=C1)N2C(=O)C(C(=O)N2C3=CC=CC=C3)CCS(=O)C4=CC=CC=C4,0
Sulindac,CC\1=C(C2=C(/C1=C\C3=CC=C(C=C3)S(=O)C)C=CC(=C2)F)CC(=O)O,0
Sulpiride,CCN1CCCC1CNC(=O)C2=C(C=CC(=C2)S(=O)(=O)N)OC,0
Suprofen,CC(C1=CC=C(C=C1)C(=O)C2=CC=CS2)C(=O)O,0
Suxibuzone,CCCCC1(C(=O)N(N(C1=O)C2=CC=CC=C2)C3=CC=CC=C3)COC(=O)CCC(=O)O,0
Tacrine hydrochloride,C1CCC2=NC3=CC=CC=C3C(=C2C1)N,0
Telenzepine dihydrochloride,CC1=C2C(=CS1)C(=O)NC3=CC=CC=C3N2C(=O)CN4CCN(CC4)C,0
Tenoxicam,CN1C(=C(C2=C(S1(=O)=O)C=CS2)O)C(=O)NC3=CC=CC=N3,0
Terazosin hydrochloride,COC1=C(C=C2C(=C1)C(=NC(=N2)N3CCN(CC3)C(=O)C4CCCO4)N)OC,0
Terbutaline hemisulfate,CC(C)(C)NCC(C1=CC(=CC(=C1)O)O)O,0
Tetracaine hydrochloride,CCCCNC1=CC=C(C=C1)C(=O)OCCN(C)C,0
Tetrahydrozoline hydrochloride,C1CC(C2=CC=CC=C2C1)C3=NCCN3,0
Thalidomide,C1CC(=O)NC(=O)C1N2C(=O)C3=CC=CC=C3C2=O,0
Theobromine,CN1C=NC2=C1C(=O)NC(=O)N2C,0
Theophylline monohydrate,CN1C2=C(C(=O)N(C1=O)C)NC=N2,0
Thiamine hydrochloride,CC1=C(SC=[N+]1CC2=CN=C(N=C2N)C)CCO,0
Thiocolchicoside,CC(=O)N[C@H]1CCC2=CC(=C(C(=C2C3=CC=C(C(=O)C=C13)SC)OC)OC)O[C@H]4[C@@H]([C@H]([C@@H]([C@H](O4)CO)O)O)O,0
Thioproperazine dimesylate,CN1CCN(CC1)CCCN2C3=CC=CC=C3SC4=C2C=C(C=C4)S(=O)(=O)N(C)C,0
Thiorphan,C1=CC=C(C=C1)CC(CS)C(=O)NCC(=O)O,0
Tiapride hydrochloride,CCN(CC)CCNC(=O)C1=C(C=CC(=C1)S(=O)(=O)C)OC,0
Tiaprofenic acid,CC(C1=CC=C(S1)C(=O)C2=CC=CC=C2)C(=O)O,0
Tibolone,C[C@@H]1CC2=C(CCC(=O)C2)[C@@H]3[C@@H]1[C@@H]4CC[C@]([C@]4(CC3)C)(C#C)O,0
Ticlopidine hydrochloride,C1CN(CC2=C1SC=C2)CC3=CC=CC=C3Cl,0
Timolol maleate salt,CC(C)(C)NC[C@@H](COC1=NSN=C1N2CCOCC2)O,0
Tizanidine HCl,C1CN=C(N1)NC2=C(C=CC3=NSN=C32)Cl,0
Tocainide hydrochloride,CC1=C(C(=CC=C1)C)NC(=O)C(C)N,0
Tolazamide,CC1=CC=C(C=C1)S(=O)(=O)NC(=O)NN2CCCCCC2,0
Tolazoline hydrochloride,C1CN=C(N1)CC2=CC=CC=C2,0
Tolbutamide,CCCCNC(=O)NS(=O)(=O)C1=CC=C(C=C1)C,0
Tolmetin sodium salt dihydrate,CC1=CC=C(C=C1)C(=O)C2=CC=C(N2C)CC(=O)O,0
Tomoxetine hydrochloride,CC1=CC=CC=C1O[C@H](CCNC)C2=CC=CC=C2,0
Topiramate,CC1(O[C@@H]2CO[C@@]3([C@H]([C@@H]2O1)OC(O3)(C)C)COS(=O)(=O)N)C,0
Topotecan,CC[C@@]1(C2=C(COC1=O)C(=O)N3CC4=C(C3=C2)N=C5C=CC(=C(C5=C4)CN(C)C)O)O,0
Torsemide,CC1=CC(=CC=C1)NC2=C(C=NC=C2)S(=O)(=O)NC(=O)NC(C)C,0
Tramadol hydrochloride,CN(C)C[C@H]1CCCC[C@@]1(C2=CC(=CC=C2)OC)O,0
Tranexamic acid,C1CC(CCC1CN)C(=O)O,0
Tranilast,COC1=C(C=C(C=C1)/C=C/C(=O)NC2=CC=CC=C2C(=O)O)OC,0
Tranylcypromine hydrochloride,C1[C@H]([C@@H]1N)C2=CC=CC=C2,0
Trapidil,CCN(CC)C1=CC(=NC2=NC=NN12)C,0
Triamcinolone,C[C@]12C[C@@H]([C@]3([C@H]([C@@H]1C[C@H]([C@@]2(C(=O)CO)O)O)CCC4=CC(=O)C=C[C@@]43C)F)O,0
Triamterene,C1=CC=C(C=C1)C2=NC3=C(N=C2N)N=C(N=C3N)N,0
Trichlormethiazide,C1=C2C(=CC(=C1Cl)S(=O)(=O)N)S(=O)(=O)NC(N2)C(Cl)Cl,0
Tridihexethyl chloride,CC[N+](CC)(CC)CCC(C1CCCCC1)(C2=CC=CC=C2)O,0
Triflusal,CC(=O)OC1=C(C=CC(=C1)C(F)(F)F)C(=O)O,0
"Trihexyphenidyl-D,L Hydrochloride",C1CCC(CC1)C(CCN2CCCCC2)(C3=CC=CC=C3)O,0
Trimetazidine dihydrochloride,COC1=C(C(=C(C=C1)CN2CCNCC2)OC)OC,0
Trimethadione,CC1(C(=O)N(C(=O)O1)C)C,0
Trimethobenzamide hydrochloride,CN(C)CCOC1=CC=C(C=C1)CNC(=O)C2=CC(=C(C(=C2)OC)OC)OC,0
Trimipramine maleate salt,CC(CN1C2=CC=CC=C2CCC3=CC=CC=C31)CN(C)C,0
Trioxsalen,CC1=CC(=O)OC2=C1C=C3C=C(OC3=C2C)C,0
Tripelennamine hydrochloride,CN(C)CCN(CC1=CC=CC=C1)C2=CC=CC=N2,0
Triprolidine hydrochloride,CC1=CC=C(C=C1)/C(=C\CN2CCCC2)/C3=CC=CC=N3,0
Tropicamide,CCN(CC1=CC=NC=C1)C(=O)C(CO)C2=CC=CC=C2,0
Tropisetron HCl,CN1[C@@H]2CC[C@H]1CC(C2)OC(=O)C3=CNC4=CC=CC=C43,0
Tulobuterol,CC(C)(C)NCC(C1=CC=CC=C1Cl)O,0
Urapidil hydrochloride,CN1C(=CC(=O)N(C1=O)C)NCCCN2CCN(CC2)C3=CC=CC=C3OC,0
Urosiol,C[C@H](CCC(=O)O)[C@H]1CC[C@@H]2[C@@]1(CC[C@H]3[C@H]2[C@H](C[C@H]4[C@@]3(CC[C@H](C4)O)C)O)C,0
Valproic acid,CCCC(CCC)C(=O)O,0
Vatalanib,C1=CC=C2C(=C1)C(=NN=C2NC3=CC=C(C=C3)Cl)CC4=CC=NC=C4,0
Venlafaxine,CN(C)CC(C1=CC=C(C=C1)OC)C2(CCCCC2)O,0
Verapamil hydrochloride,CC(C)C(CCCN(C)CCC1=CC(=C(C=C1)OC)OC)(C#N)C2=CC(=C(C=C2)OC)OC,0
Vigabatrin,C=CC(CCC(=O)O)N,0
Viloxazine hydrochloride,CCOC1=CC=CC=C1OCC2CNCCO2,0
Vincamine,CC[C@@]12CCCN3[C@@H]1C4=C(CC3)C5=CC=CC=C5N4[C@](C2)(C(=O)OC)O,0
Vinpocetine,CC[C@@]12CCCN3[C@@H]1C4=C(CC3)C5=CC=CC=C5N4C(=C2)C(=O)OCC,0
Vorinostat,C1=CC=C(C=C1)NC(=O)CCCCCCC(=O)NO,0
Warfarin,CC(=O)CC(C1=CC=CC=C1)C2=C(C3=CC=CC=C3OC2=O)O,0
Xamoterol hemifumarate,C1COCCN1C(=O)NCCNCC(COC2=CC=C(C=C2)O)O,0
Xylometazoline hydrochloride,CC1=CC(=CC(=C1CC2=NCCN2)C)C(C)(C)C,0
Yohimbine hydrochloride,COC(=O)[C@H]1[C@H](CC[C@@H]2[C@@H]1C[C@H]3C4=C(CCN3C2)C5=CC=CC=C5N4)O,0
Zaleplon,CCN(C1=CC=CC(=C1)C2=CC=NC3=C(C=NN23)C#N)C(=O)C,0
Zimelidine dihydrochloride monohydrate,CN(C)C/C=C(/C1=CC=C(C=C1)Br)\C2=CN=CC=C2,0
Zomepirac sodium salt,CC1=C(N(C(=C1)CC(=O)O)C)C(=O)C2=CC=C(C=C2)Cl,0
Zonisamide,C1=CC=C2C(=C1)C(=NO2)CS(=O)(=O)N,0
Zopiclone,CN1CCN(CC1)C(=O)OC2C3=NC=CN=C3C(=O)N2C4=NC=C(C=C4)Cl,0
